{"SDL_HINT_ACCELEROMETER_AS_JOYSTICK": "https://wiki.libsdl.org/SDL_HINT_ACCELEROMETER_AS_JOYSTICK?highlight=%28%5CbCategoryDefine%5Cb%29%7C%28SGHints%29", "SDL_HINT_ANDROID_APK_EXPANSION_MAIN_FILE_VERSION": "https://wiki.libsdl.org/SDL_HINT_ANDROID_APK_EXPANSION_MAIN_FILE_VERSION?highlight=%28%5CbCategoryDefine%5Cb%29%7C%28SGHints%29", "SDL_HINT_ANDROID_APK_EXPANSION_PATCH_FILE_VERSION": "https://wiki.libsdl.org/SDL_HINT_ANDROID_APK_EXPANSION_PATCH_FILE_VERSION?highlight=%28%5CbCategoryDefine%5Cb%29%7C%28SGHints%29", "SDL_HINT_ANDROID_SEPARATE_MOUSE_AND_TOUCH": "https://wiki.libsdl.org/SDL_HINT_ANDROID_SEPARATE_MOUSE_AND_TOUCH?highlight=%28%5CbCategoryDefine%5Cb%29%7C%28SGHints%29", "SDL_HINT_APPLE_TV_CONTROLLER_UI_EVENTS": "https://wiki.libsdl.org/SDL_HINT_APPLE_TV_CONTROLLER_UI_EVENTS?highlight=%28%5CbCategoryDefine%5Cb%29%7C%28SGHints%29", "SDL_HINT_APPLE_TV_REMOTE_ALLOW_ROTATION": "https://wiki.libsdl.org/SDL_HINT_APPLE_TV_REMOTE_ALLOW_ROTATION?highlight=%28%5CbCategoryDefine%5Cb%29%7C%28SGHints%29", "SDL_HINT_BMP_SAVE_LEGACY_FORMAT": "https://wiki.libsdl.org/SDL_HINT_BMP_SAVE_LEGACY_FORMAT?highlight=%28%5CbCategoryDefine%5Cb%29%7C%28SGHints%29", "SDL_HINT_EMSCRIPTEN_KEYBOARD_ELEMENT": "https://wiki.libsdl.org/SDL_HINT_EMSCRIPTEN_KEYBOARD_ELEMENT?highlight=%28%5CbCategoryDefine%5Cb%29%7C%28SGHints%29", "SDL_HINT_FRAMEBUFFER_ACCELERATION": "https://wiki.libsdl.org/SDL_HINT_FRAMEBUFFER_ACCELERATION?highlight=%28%5CbCategoryDefine%5Cb%29%7C%28SGHints%29", "SDL_HINT_GAMECONTROLLERCONFIG": "https://wiki.libsdl.org/SDL_HINT_GAMECONTROLLERCONFIG?highlight=%28%5CbCategoryDefine%5Cb%29%7C%28SGHints%29", "SDL_HINT_GRAB_KEYBOARD": "https://wiki.libsdl.org/SDL_HINT_GRAB_KEYBOARD?highlight=%28%5CbCategoryDefine%5Cb%29%7C%28SGHints%29", "SDL_HINT_IDLE_TIMER_DISABLED": "https://wiki.libsdl.org/SDL_HINT_IDLE_TIMER_DISABLED?highlight=%28%5CbCategoryDefine%5Cb%29%7C%28SGHints%29", "SDL_HINT_IME_INTERNAL_EDITING": "https://wiki.libsdl.org/SDL_HINT_IME_INTERNAL_EDITING?highlight=%28%5CbCategoryDefine%5Cb%29%7C%28SGHints%29", "SDL_HINT_JOYSTICK_ALLOW_BACKGROUND_EVENTS": "https://wiki.libsdl.org/SDL_HINT_JOYSTICK_ALLOW_BACKGROUND_EVENTS?highlight=%28%5CbCategoryDefine%5Cb%29%7C%28SGHints%29", "SDL_HINT_MAC_BACKGROUND_APP": "https://wiki.libsdl.org/SDL_HINT_MAC_BACKGROUND_APP?highlight=%28%5CbCategoryDefine%5Cb%29%7C%28SGHints%29", "SDL_HINT_MAC_CTRL_CLICK_EMULATE_RIGHT_CLICK": "https://wiki.libsdl.org/SDL_HINT_MAC_CTRL_CLICK_EMULATE_RIGHT_CLICK?highlight=%28%5CbCategoryDefine%5Cb%29%7C%28SGHints%29", "SDL_HINT_MOUSE_FOCUS_CLICKTHROUGH": "https://wiki.libsdl.org/SDL_HINT_MOUSE_FOCUS_CLICKTHROUGH?highlight=%28%5CbCategoryDefine%5Cb%29%7C%28SGHints%29", "SDL_HINT_MOUSE_RELATIVE_MODE_WARP": "https://wiki.libsdl.org/SDL_HINT_MOUSE_RELATIVE_MODE_WARP?highlight=%28%5CbCategoryDefine%5Cb%29%7C%28SGHints%29", "SDL_HINT_NO_SIGNAL_HANDLERS": "https://wiki.libsdl.org/SDL_HINT_NO_SIGNAL_HANDLERS?highlight=%28%5CbCategoryDefine%5Cb%29%7C%28SGHints%29", "SDL_HINT_ORIENTATIONS": "https://wiki.libsdl.org/SDL_HINT_ORIENTATIONS?highlight=%28%5CbCategoryDefine%5Cb%29%7C%28SGHints%29", "SDL_HINT_RENDER_DIRECT3D11_DEBUG": "https://wiki.libsdl.org/SDL_HINT_RENDER_DIRECT3D11_DEBUG?highlight=%28%5CbCategoryDefine%5Cb%29%7C%28SGHints%29", "SDL_HINT_RENDER_DIRECT3D_THREADSAFE": "https://wiki.libsdl.org/SDL_HINT_RENDER_DIRECT3D_THREADSAFE?highlight=%28%5CbCategoryDefine%5Cb%29%7C%28SGHints%29", "SDL_HINT_RENDER_DRIVER": "https://wiki.libsdl.org/SDL_HINT_RENDER_DRIVER?highlight=%28%5CbCategoryDefine%5Cb%29%7C%28SGHints%29", "SDL_HINT_RENDER_OPENGL_SHADERS": "https://wiki.libsdl.org/SDL_HINT_RENDER_OPENGL_SHADERS?highlight=%28%5CbCategoryDefine%5Cb%29%7C%28SGHints%29", "SDL_HINT_RENDER_SCALE_QUALITY": "https://wiki.libsdl.org/SDL_HINT_RENDER_SCALE_QUALITY?highlight=%28%5CbCategoryDefine%5Cb%29%7C%28SGHints%29", "SDL_HINT_RENDER_VSYNC": "https://wiki.libsdl.org/SDL_HINT_RENDER_VSYNC?highlight=%28%5CbCategoryDefine%5Cb%29%7C%28SGHints%29", "SDL_HINT_RPI_VIDEO_LAYER": "https://wiki.libsdl.org/SDL_HINT_RPI_VIDEO_LAYER?highlight=%28%5CbCategoryDefine%5Cb%29%7C%28SGHints%29", "SDL_HINT_THREAD_STACK_SIZE": "https://wiki.libsdl.org/SDL_HINT_THREAD_STACK_SIZE?highlight=%28%5CbCategoryDefine%5Cb%29%7C%28SGHints%29", "SDL_HINT_TIMER_RESOLUTION": "https://wiki.libsdl.org/SDL_HINT_TIMER_RESOLUTION?highlight=%28%5CbCategoryDefine%5Cb%29%7C%28SGHints%29", "SDL_HINT_VIDEO_ALLOW_SCREENSAVER": "https://wiki.libsdl.org/SDL_HINT_VIDEO_ALLOW_SCREENSAVER?highlight=%28%5CbCategoryDefine%5Cb%29%7C%28SGHints%29", "SDL_HINT_VIDEO_HIGHDPI_DISABLED": "https://wiki.libsdl.org/SDL_HINT_VIDEO_HIGHDPI_DISABLED?highlight=%28%5CbCategoryDefine%5Cb%29%7C%28SGHints%29", "SDL_HINT_VIDEO_MAC_FULLSCREEN_SPACES": "https://wiki.libsdl.org/SDL_HINT_VIDEO_MAC_FULLSCREEN_SPACES?highlight=%28%5CbCategoryDefine%5Cb%29%7C%28SGHints%29", "SDL_HINT_VIDEO_MINIMIZE_ON_FOCUS_LOSS": "https://wiki.libsdl.org/SDL_HINT_VIDEO_MINIMIZE_ON_FOCUS_LOSS?highlight=%28%5CbCategoryDefine%5Cb%29%7C%28SGHints%29", "SDL_HINT_VIDEO_WINDOW_SHARE_PIXEL_FORMAT": "https://wiki.libsdl.org/SDL_HINT_VIDEO_WINDOW_SHARE_PIXEL_FORMAT?highlight=%28%5CbCategoryDefine%5Cb%29%7C%28SGHints%29", "SDL_HINT_VIDEO_WIN_D3DCOMPILER": "https://wiki.libsdl.org/SDL_HINT_VIDEO_WIN_D3DCOMPILER?highlight=%28%5CbCategoryDefine%5Cb%29%7C%28SGHints%29", "SDL_HINT_VIDEO_X11_NET_WM_PING": "https://wiki.libsdl.org/SDL_HINT_VIDEO_X11_NET_WM_PING?highlight=%28%5CbCategoryDefine%5Cb%29%7C%28SGHints%29", "SDL_HINT_VIDEO_X11_XINERAMA": "https://wiki.libsdl.org/SDL_HINT_VIDEO_X11_XINERAMA?highlight=%28%5CbCategoryDefine%5Cb%29%7C%28SGHints%29", "SDL_HINT_VIDEO_X11_XRANDR": "https://wiki.libsdl.org/SDL_HINT_VIDEO_X11_XRANDR?highlight=%28%5CbCategoryDefine%5Cb%29%7C%28SGHints%29", "SDL_HINT_VIDEO_X11_XVIDMODE": "https://wiki.libsdl.org/SDL_HINT_VIDEO_X11_XVIDMODE?highlight=%28%5CbCategoryDefine%5Cb%29%7C%28SGHints%29", "SDL_HINT_WINDOWS_DISABLE_THREAD_NAMING": "https://wiki.libsdl.org/SDL_HINT_WINDOWS_DISABLE_THREAD_NAMING?highlight=%28%5CbCategoryDefine%5Cb%29%7C%28SGHints%29", "SDL_HINT_WINDOWS_ENABLE_MESSAGELOOP": "https://wiki.libsdl.org/SDL_HINT_WINDOWS_ENABLE_MESSAGELOOP?highlight=%28%5CbCategoryDefine%5Cb%29%7C%28SGHints%29", "SDL_HINT_WINDOWS_NO_CLOSE_ON_ALT_F4": "https://wiki.libsdl.org/SDL_HINT_WINDOWS_NO_CLOSE_ON_ALT_F4?highlight=%28%5CbCategoryDefine%5Cb%29%7C%28SGHints%29", "SDL_HINT_WINDOW_FRAME_USABLE_WHILE_CURSOR_HIDDEN": "https://wiki.libsdl.org/SDL_HINT_WINDOW_FRAME_USABLE_WHILE_CURSOR_HIDDEN?highlight=%28%5CbCategoryDefine%5Cb%29%7C%28SGHints%29", "SDL_HINT_WINRT_HANDLE_BACK_BUTTON": "https://wiki.libsdl.org/SDL_HINT_WINRT_HANDLE_BACK_BUTTON?highlight=%28%5CbCategoryDefine%5Cb%29%7C%28SGHints%29", "SDL_HINT_WINRT_PRIVACY_POLICY_LABEL": "https://wiki.libsdl.org/SDL_HINT_WINRT_PRIVACY_POLICY_LABEL?highlight=%28%5CbCategoryDefine%5Cb%29%7C%28SGHints%29", "SDL_HINT_WINRT_PRIVACY_POLICY_URL": "https://wiki.libsdl.org/SDL_HINT_WINRT_PRIVACY_POLICY_URL?highlight=%28%5CbCategoryDefine%5Cb%29%7C%28SGHints%29", "SDL_HINT_XINPUT_ENABLED": "https://wiki.libsdl.org/SDL_HINT_XINPUT_ENABLED?highlight=%28%5CbCategoryDefine%5Cb%29%7C%28SGHints%29", "SDL_HINT_XINPUT_USE_OLD_JOYSTICK_MAPPING": "https://wiki.libsdl.org/SDL_HINT_XINPUT_USE_OLD_JOYSTICK_MAPPING?highlight=%28%5CbCategoryDefine%5Cb%29%7C%28SGHints%29", "SDL_AssertState": "https://wiki.libsdl.org/SDL_AssertState?highlight=%28%5CbCategoryEnum%5Cb%29%7C%28SDLEnumTemplate%29", "SDL_AudioFormat": "https://wiki.libsdl.org/SDL_AudioFormat?highlight=%28%5CbCategoryEnum%5Cb%29%7C%28SDLEnumTemplate%29", "SDL_AudioStatus": "https://wiki.libsdl.org/SDL_AudioStatus?highlight=%28%5CbCategoryEnum%5Cb%29%7C%28SDLEnumTemplate%29", "SDL_BlendFactor": "https://wiki.libsdl.org/SDL_BlendFactor?highlight=%28%5CbCategoryEnum%5Cb%29%7C%28SDLEnumTemplate%29", "SDL_BlendMode": "https://wiki.libsdl.org/SDL_BlendMode?highlight=%28%5CbCategoryEnum%5Cb%29%7C%28SDLEnumTemplate%29", "SDL_BlendOperation": "https://wiki.libsdl.org/SDL_BlendOperation?highlight=%28%5CbCategoryEnum%5Cb%29%7C%28SDLEnumTemplate%29", "SDL_EventType": "https://wiki.libsdl.org/SDL_EventType?highlight=%28%5CbCategoryEnum%5Cb%29%7C%28SDLEnumTemplate%29", "SDL_GLattr": "https://wiki.libsdl.org/SDL_GLattr?highlight=%28%5CbCategoryEnum%5Cb%29%7C%28SDLEnumTemplate%29", "SDL_GLcontextFlag": "https://wiki.libsdl.org/SDL_GLcontextFlag?highlight=%28%5CbCategoryEnum%5Cb%29%7C%28SDLEnumTemplate%29", "SDL_GLprofile": "https://wiki.libsdl.org/SDL_GLprofile?highlight=%28%5CbCategoryEnum%5Cb%29%7C%28SDLEnumTemplate%29", "SDL_GameControllerAxis": "https://wiki.libsdl.org/SDL_GameControllerAxis?highlight=%28%5CbCategoryEnum%5Cb%29%7C%28SDLEnumTemplate%29", "SDL_GameControllerButton": "https://wiki.libsdl.org/SDL_GameControllerButton?highlight=%28%5CbCategoryEnum%5Cb%29%7C%28SDLEnumTemplate%29", "SDL_HintPriority": "https://wiki.libsdl.org/SDL_HintPriority?highlight=%28%5CbCategoryEnum%5Cb%29%7C%28SDLEnumTemplate%29", "SDL_HitTestResult": "https://wiki.libsdl.org/SDL_HitTestResult?highlight=%28%5CbCategoryEnum%5Cb%29%7C%28SDLEnumTemplate%29", "SDL_JoystickPowerLevel": "https://wiki.libsdl.org/SDL_JoystickPowerLevel?highlight=%28%5CbCategoryEnum%5Cb%29%7C%28SDLEnumTemplate%29", "SDL_Keycode": "https://wiki.libsdl.org/SDL_Keycode?highlight=%28%5CbCategoryEnum%5Cb%29%7C%28SDLEnumTemplate%29", "SDL_Keymod": "https://wiki.libsdl.org/SDL_Keymod?highlight=%28%5CbCategoryEnum%5Cb%29%7C%28SDLEnumTemplate%29", "SDL_LOG_CATEGORY": "https://wiki.libsdl.org/SDL_LOG_CATEGORY?highlight=%28%5CbCategoryEnum%5Cb%29%7C%28SDLEnumTemplate%29", "SDL_LogPriority": "https://wiki.libsdl.org/SDL_LogPriority?highlight=%28%5CbCategoryEnum%5Cb%29%7C%28SDLEnumTemplate%29", "SDL_MessageBoxButtonFlags": "https://wiki.libsdl.org/SDL_MessageBoxButtonFlags?highlight=%28%5CbCategoryEnum%5Cb%29%7C%28SDLEnumTemplate%29", "SDL_MessageBoxColorType": "https://wiki.libsdl.org/SDL_MessageBoxColorType?highlight=%28%5CbCategoryEnum%5Cb%29%7C%28SDLEnumTemplate%29", "SDL_MessageBoxFlags": "https://wiki.libsdl.org/SDL_MessageBoxFlags?highlight=%28%5CbCategoryEnum%5Cb%29%7C%28SDLEnumTemplate%29", "SDL_PixelFormatEnum": "https://wiki.libsdl.org/SDL_PixelFormatEnum?highlight=%28%5CbCategoryEnum%5Cb%29%7C%28SDLEnumTemplate%29", "SDL_PowerState": "https://wiki.libsdl.org/SDL_PowerState?highlight=%28%5CbCategoryEnum%5Cb%29%7C%28SDLEnumTemplate%29", "SDL_RendererFlags": "https://wiki.libsdl.org/SDL_RendererFlags?highlight=%28%5CbCategoryEnum%5Cb%29%7C%28SDLEnumTemplate%29", "SDL_RendererFlip": "https://wiki.libsdl.org/SDL_RendererFlip?highlight=%28%5CbCategoryEnum%5Cb%29%7C%28SDLEnumTemplate%29", "SDL_SYSWM_TYPE": "https://wiki.libsdl.org/SDL_SYSWM_TYPE?highlight=%28%5CbCategoryEnum%5Cb%29%7C%28SDLEnumTemplate%29", "SDL_Scancode": "https://wiki.libsdl.org/SDL_Scancode?highlight=%28%5CbCategoryEnum%5Cb%29%7C%28SDLEnumTemplate%29", "SDL_TextureAccess": "https://wiki.libsdl.org/SDL_TextureAccess?highlight=%28%5CbCategoryEnum%5Cb%29%7C%28SDLEnumTemplate%29", "SDL_TextureModulate": "https://wiki.libsdl.org/SDL_TextureModulate?highlight=%28%5CbCategoryEnum%5Cb%29%7C%28SDLEnumTemplate%29", "SDL_ThreadPriority": "https://wiki.libsdl.org/SDL_ThreadPriority?highlight=%28%5CbCategoryEnum%5Cb%29%7C%28SDLEnumTemplate%29", "SDL_WinRT_Path": "https://wiki.libsdl.org/SDL_WinRT_Path?highlight=%28%5CbCategoryEnum%5Cb%29%7C%28SDLEnumTemplate%29", "SDL_WindowEventID": "https://wiki.libsdl.org/SDL_WindowEventID?highlight=%28%5CbCategoryEnum%5Cb%29%7C%28SDLEnumTemplate%29", "SDL_WindowFlags": "https://wiki.libsdl.org/SDL_WindowFlags?highlight=%28%5CbCategoryEnum%5Cb%29%7C%28SDLEnumTemplate%29", "SDL_bool": "https://wiki.libsdl.org/SDL_bool?highlight=%28%5CbCategoryEnum%5Cb%29%7C%28SDLEnumTemplate%29", "SDL_AudioCVT": "https://wiki.libsdl.org/SDL_AudioCVT?highlight=%28%5CbCategoryStruct%5Cb%29%7C%28SDLStructTemplate%29", "SDL_AudioDeviceEvent": "https://wiki.libsdl.org/SDL_AudioDeviceEvent?highlight=%28%5CbCategoryStruct%5Cb%29%7C%28SDLStructTemplate%29", "SDL_AudioSpec": "https://wiki.libsdl.org/SDL_AudioSpec?highlight=%28%5CbCategoryStruct%5Cb%29%7C%28SDLStructTemplate%29", "SDL_AudioStream": "https://wiki.libsdl.org/SDL_AudioStream?highlight=%28%5CbCategoryStruct%5Cb%29%7C%28SDLStructTemplate%29", "SDL_Color": "https://wiki.libsdl.org/SDL_Color?highlight=%28%5CbCategoryStruct%5Cb%29%7C%28SDLStructTemplate%29", "SDL_ControllerAxisEvent": "https://wiki.libsdl.org/SDL_ControllerAxisEvent?highlight=%28%5CbCategoryStruct%5Cb%29%7C%28SDLStructTemplate%29", "SDL_ControllerButtonEvent": "https://wiki.libsdl.org/SDL_ControllerButtonEvent?highlight=%28%5CbCategoryStruct%5Cb%29%7C%28SDLStructTemplate%29", "SDL_ControllerDeviceEvent": "https://wiki.libsdl.org/SDL_ControllerDeviceEvent?highlight=%28%5CbCategoryStruct%5Cb%29%7C%28SDLStructTemplate%29", "SDL_DisplayMode": "https://wiki.libsdl.org/SDL_DisplayMode?highlight=%28%5CbCategoryStruct%5Cb%29%7C%28SDLStructTemplate%29", "SDL_DollarGestureEvent": "https://wiki.libsdl.org/SDL_DollarGestureEvent?highlight=%28%5CbCategoryStruct%5Cb%29%7C%28SDLStructTemplate%29", "SDL_DropEvent": "https://wiki.libsdl.org/SDL_DropEvent?highlight=%28%5CbCategoryStruct%5Cb%29%7C%28SDLStructTemplate%29", "SDL_Event": "https://wiki.libsdl.org/SDL_Event?highlight=%28%5CbCategoryStruct%5Cb%29%7C%28SDLStructTemplate%29", "SDL_Finger": "https://wiki.libsdl.org/SDL_Finger?highlight=%28%5CbCategoryStruct%5Cb%29%7C%28SDLStructTemplate%29", "SDL_HapticCondition": "https://wiki.libsdl.org/SDL_HapticCondition?highlight=%28%5CbCategoryStruct%5Cb%29%7C%28SDLStructTemplate%29", "SDL_HapticConstant": "https://wiki.libsdl.org/SDL_HapticConstant?highlight=%28%5CbCategoryStruct%5Cb%29%7C%28SDLStructTemplate%29", "SDL_HapticCustom": "https://wiki.libsdl.org/SDL_HapticCustom?highlight=%28%5CbCategoryStruct%5Cb%29%7C%28SDLStructTemplate%29", "SDL_HapticDirection": "https://wiki.libsdl.org/SDL_HapticDirection?highlight=%28%5CbCategoryStruct%5Cb%29%7C%28SDLStructTemplate%29", "SDL_HapticEffect": "https://wiki.libsdl.org/SDL_HapticEffect?highlight=%28%5CbCategoryStruct%5Cb%29%7C%28SDLStructTemplate%29", "SDL_HapticLeftRight": "https://wiki.libsdl.org/SDL_HapticLeftRight?highlight=%28%5CbCategoryStruct%5Cb%29%7C%28SDLStructTemplate%29", "SDL_HapticPeriodic": "https://wiki.libsdl.org/SDL_HapticPeriodic?highlight=%28%5CbCategoryStruct%5Cb%29%7C%28SDLStructTemplate%29", "SDL_HapticRamp": "https://wiki.libsdl.org/SDL_HapticRamp?highlight=%28%5CbCategoryStruct%5Cb%29%7C%28SDLStructTemplate%29", "SDL_JoyAxisEvent": "https://wiki.libsdl.org/SDL_JoyAxisEvent?highlight=%28%5CbCategoryStruct%5Cb%29%7C%28SDLStructTemplate%29", "SDL_JoyBallEvent": "https://wiki.libsdl.org/SDL_JoyBallEvent?highlight=%28%5CbCategoryStruct%5Cb%29%7C%28SDLStructTemplate%29", "SDL_JoyButtonEvent": "https://wiki.libsdl.org/SDL_JoyButtonEvent?highlight=%28%5CbCategoryStruct%5Cb%29%7C%28SDLStructTemplate%29", "SDL_JoyDeviceEvent": "https://wiki.libsdl.org/SDL_JoyDeviceEvent?highlight=%28%5CbCategoryStruct%5Cb%29%7C%28SDLStructTemplate%29", "SDL_JoyHatEvent": "https://wiki.libsdl.org/SDL_JoyHatEvent?highlight=%28%5CbCategoryStruct%5Cb%29%7C%28SDLStructTemplate%29", "SDL_KeyboardEvent": "https://wiki.libsdl.org/SDL_KeyboardEvent?highlight=%28%5CbCategoryStruct%5Cb%29%7C%28SDLStructTemplate%29", "SDL_Keysym": "https://wiki.libsdl.org/SDL_Keysym?highlight=%28%5CbCategoryStruct%5Cb%29%7C%28SDLStructTemplate%29", "SDL_MessageBoxButtonData": "https://wiki.libsdl.org/SDL_MessageBoxButtonData?highlight=%28%5CbCategoryStruct%5Cb%29%7C%28SDLStructTemplate%29", "SDL_MessageBoxColor": "https://wiki.libsdl.org/SDL_MessageBoxColor?highlight=%28%5CbCategoryStruct%5Cb%29%7C%28SDLStructTemplate%29", "SDL_MessageBoxColorScheme": "https://wiki.libsdl.org/SDL_MessageBoxColorScheme?highlight=%28%5CbCategoryStruct%5Cb%29%7C%28SDLStructTemplate%29", "SDL_MessageBoxData": "https://wiki.libsdl.org/SDL_MessageBoxData?highlight=%28%5CbCategoryStruct%5Cb%29%7C%28SDLStructTemplate%29", "SDL_MouseButtonEvent": "https://wiki.libsdl.org/SDL_MouseButtonEvent?highlight=%28%5CbCategoryStruct%5Cb%29%7C%28SDLStructTemplate%29", "SDL_MouseMotionEvent": "https://wiki.libsdl.org/SDL_MouseMotionEvent?highlight=%28%5CbCategoryStruct%5Cb%29%7C%28SDLStructTemplate%29", "SDL_MouseWheelEvent": "https://wiki.libsdl.org/SDL_MouseWheelEvent?highlight=%28%5CbCategoryStruct%5Cb%29%7C%28SDLStructTemplate%29", "SDL_MultiGestureEvent": "https://wiki.libsdl.org/SDL_MultiGestureEvent?highlight=%28%5CbCategoryStruct%5Cb%29%7C%28SDLStructTemplate%29", "SDL_Palette": "https://wiki.libsdl.org/SDL_Palette?highlight=%28%5CbCategoryStruct%5Cb%29%7C%28SDLStructTemplate%29", "SDL_PixelFormat": "https://wiki.libsdl.org/SDL_PixelFormat?highlight=%28%5CbCategoryStruct%5Cb%29%7C%28SDLStructTemplate%29", "SDL_Point": "https://wiki.libsdl.org/SDL_Point?highlight=%28%5CbCategoryStruct%5Cb%29%7C%28SDLStructTemplate%29", "SDL_QuitEvent": "https://wiki.libsdl.org/SDL_QuitEvent?highlight=%28%5CbCategoryStruct%5Cb%29%7C%28SDLStructTemplate%29", "SDL_RWops": "https://wiki.libsdl.org/SDL_RWops?highlight=%28%5CbCategoryStruct%5Cb%29%7C%28SDLStructTemplate%29", "SDL_Rect": "https://wiki.libsdl.org/SDL_Rect?highlight=%28%5CbCategoryStruct%5Cb%29%7C%28SDLStructTemplate%29", "SDL_Renderer": "https://wiki.libsdl.org/SDL_Renderer?highlight=%28%5CbCategoryStruct%5Cb%29%7C%28SDLStructTemplate%29", "SDL_RendererInfo": "https://wiki.libsdl.org/SDL_RendererInfo?highlight=%28%5CbCategoryStruct%5Cb%29%7C%28SDLStructTemplate%29", "SDL_Surface": "https://wiki.libsdl.org/SDL_Surface?highlight=%28%5CbCategoryStruct%5Cb%29%7C%28SDLStructTemplate%29", "SDL_SysWMEvent": "https://wiki.libsdl.org/SDL_SysWMEvent?highlight=%28%5CbCategoryStruct%5Cb%29%7C%28SDLStructTemplate%29", "SDL_SysWMinfo": "https://wiki.libsdl.org/SDL_SysWMinfo?highlight=%28%5CbCategoryStruct%5Cb%29%7C%28SDLStructTemplate%29", "SDL_SysWMmsg": "https://wiki.libsdl.org/SDL_SysWMmsg?highlight=%28%5CbCategoryStruct%5Cb%29%7C%28SDLStructTemplate%29", "SDL_TextEditingEvent": "https://wiki.libsdl.org/SDL_TextEditingEvent?highlight=%28%5CbCategoryStruct%5Cb%29%7C%28SDLStructTemplate%29", "SDL_TextInputEvent": "https://wiki.libsdl.org/SDL_TextInputEvent?highlight=%28%5CbCategoryStruct%5Cb%29%7C%28SDLStructTemplate%29", "SDL_Texture": "https://wiki.libsdl.org/SDL_Texture?highlight=%28%5CbCategoryStruct%5Cb%29%7C%28SDLStructTemplate%29", "SDL_TouchFingerEvent": "https://wiki.libsdl.org/SDL_TouchFingerEvent?highlight=%28%5CbCategoryStruct%5Cb%29%7C%28SDLStructTemplate%29", "SDL_UserEvent": "https://wiki.libsdl.org/SDL_UserEvent?highlight=%28%5CbCategoryStruct%5Cb%29%7C%28SDLStructTemplate%29", "SDL_WindowEvent": "https://wiki.libsdl.org/SDL_WindowEvent?highlight=%28%5CbCategoryStruct%5Cb%29%7C%28SDLStructTemplate%29", "SDL_assert_data": "https://wiki.libsdl.org/SDL_assert_data?highlight=%28%5CbCategoryStruct%5Cb%29%7C%28SDLStructTemplate%29", "SDL_atomic_t": "https://wiki.libsdl.org/SDL_atomic_t?highlight=%28%5CbCategoryStruct%5Cb%29%7C%28SDLStructTemplate%29", "SDL_version": "https://wiki.libsdl.org/SDL_version?highlight=%28%5CbCategoryStruct%5Cb%29%7C%28SDLStructTemplate%29", "SDL_AddEventWatch": "https://wiki.libsdl.org/SDL_AddEventWatch?highlight=%28%5CbCategoryAPI%5Cb%29%7C%28SDLFunctionTemplate%29", "SDL_AddHintCallback": "https://wiki.libsdl.org/SDL_AddHintCallback?highlight=%28%5CbCategoryAPI%5Cb%29%7C%28SDLFunctionTemplate%29", "SDL_AddTimer": "https://wiki.libsdl.org/SDL_AddTimer?highlight=%28%5CbCategoryAPI%5Cb%29%7C%28SDLFunctionTemplate%29", "SDL_AllocFormat": "https://wiki.libsdl.org/SDL_AllocFormat?highlight=%28%5CbCategoryAPI%5Cb%29%7C%28SDLFunctionTemplate%29", "SDL_AllocPalette": "https://wiki.libsdl.org/SDL_AllocPalette?highlight=%28%5CbCategoryAPI%5Cb%29%7C%28SDLFunctionTemplate%29", "SDL_AllocRW": "https://wiki.libsdl.org/SDL_AllocRW?highlight=%28%5CbCategoryAPI%5Cb%29%7C%28SDLFunctionTemplate%29", "SDL_AndroidGetActivity": "https://wiki.libsdl.org/SDL_AndroidGetActivity?highlight=%28%5CbCategoryAPI%5Cb%29%7C%28SDLFunctionTemplate%29", "SDL_AndroidGetExternalStoragePath": "https://wiki.libsdl.org/SDL_AndroidGetExternalStoragePath?highlight=%28%5CbCategoryAPI%5Cb%29%7C%28SDLFunctionTemplate%29", "SDL_AndroidGetExternalStorageState": "https://wiki.libsdl.org/SDL_AndroidGetExternalStorageState?highlight=%28%5CbCategoryAPI%5Cb%29%7C%28SDLFunctionTemplate%29", "SDL_AndroidGetInternalStoragePath": "https://wiki.libsdl.org/SDL_AndroidGetInternalStoragePath?highlight=%28%5CbCategoryAPI%5Cb%29%7C%28SDLFunctionTemplate%29", "SDL_AndroidGetJNIEnv": "https://wiki.libsdl.org/SDL_AndroidGetJNIEnv?highlight=%28%5CbCategoryAPI%5Cb%29%7C%28SDLFunctionTemplate%29", "SDL_AtomicAdd": "https://wiki.libsdl.org/SDL_AtomicAdd?highlight=%28%5CbCategoryAPI%5Cb%29%7C%28SDLFunctionTemplate%29", "SDL_AtomicCAS": "https://wiki.libsdl.org/SDL_AtomicCAS?highlight=%28%5CbCategoryAPI%5Cb%29%7C%28SDLFunctionTemplate%29", "SDL_AtomicCASPtr": "https://wiki.libsdl.org/SDL_AtomicCASPtr?highlight=%28%5CbCategoryAPI%5Cb%29%7C%28SDLFunctionTemplate%29", "SDL_AtomicDecRef": "https://wiki.libsdl.org/SDL_AtomicDecRef?highlight=%28%5CbCategoryAPI%5Cb%29%7C%28SDLFunctionTemplate%29", "SDL_AtomicGet": "https://wiki.libsdl.org/SDL_AtomicGet?highlight=%28%5CbCategoryAPI%5Cb%29%7C%28SDLFunctionTemplate%29", "SDL_AtomicGetPtr": "https://wiki.libsdl.org/SDL_AtomicGetPtr?highlight=%28%5CbCategoryAPI%5Cb%29%7C%28SDLFunctionTemplate%29", "SDL_AtomicIncRef": "https://wiki.libsdl.org/SDL_AtomicIncRef?highlight=%28%5CbCategoryAPI%5Cb%29%7C%28SDLFunctionTemplate%29", "SDL_AtomicLock": "https://wiki.libsdl.org/SDL_AtomicLock?highlight=%28%5CbCategoryAPI%5Cb%29%7C%28SDLFunctionTemplate%29", "SDL_AtomicSet": "https://wiki.libsdl.org/SDL_AtomicSet?highlight=%28%5CbCategoryAPI%5Cb%29%7C%28SDLFunctionTemplate%29", "SDL_AtomicSetPtr": "https://wiki.libsdl.org/SDL_AtomicSetPtr?highlight=%28%5CbCategoryAPI%5Cb%29%7C%28SDLFunctionTemplate%29", "SDL_AtomicTryLock": "https://wiki.libsdl.org/SDL_AtomicTryLock?highlight=%28%5CbCategoryAPI%5Cb%29%7C%28SDLFunctionTemplate%29", "SDL_AtomicUnlock": "https://wiki.libsdl.org/SDL_AtomicUnlock?highlight=%28%5CbCategoryAPI%5Cb%29%7C%28SDLFunctionTemplate%29", "SDL_AudioInit": "https://wiki.libsdl.org/SDL_AudioInit?highlight=%28%5CbCategoryAPI%5Cb%29%7C%28SDLFunctionTemplate%29", "SDL_AudioQuit": "https://wiki.libsdl.org/SDL_AudioQuit?highlight=%28%5CbCategoryAPI%5Cb%29%7C%28SDLFunctionTemplate%29", "SDL_BlitScaled": "https://wiki.libsdl.org/SDL_BlitScaled?highlight=%28%5CbCategoryAPI%5Cb%29%7C%28SDLFunctionTemplate%29", "SDL_BlitSurface": "https://wiki.libsdl.org/SDL_BlitSurface?highlight=%28%5CbCategoryAPI%5Cb%29%7C%28SDLFunctionTemplate%29", "SDL_BuildAudioCVT": "https://wiki.libsdl.org/SDL_BuildAudioCVT?highlight=%28%5CbCategoryAPI%5Cb%29%7C%28SDLFunctionTemplate%29", "SDL_COMPILEDVERSION": "https://wiki.libsdl.org/SDL_COMPILEDVERSION?highlight=%28%5CbCategoryAPI%5Cb%29%7C%28SDLFunctionTemplate%29", "SDL_CalculateGammaRamp": "https://wiki.libsdl.org/SDL_CalculateGammaRamp?highlight=%28%5CbCategoryAPI%5Cb%29%7C%28SDLFunctionTemplate%29", "SDL_CaptureMouse": "https://wiki.libsdl.org/SDL_CaptureMouse?highlight=%28%5CbCategoryAPI%5Cb%29%7C%28SDLFunctionTemplate%29", "SDL_ClearError": "https://wiki.libsdl.org/SDL_ClearError?highlight=%28%5CbCategoryAPI%5Cb%29%7C%28SDLFunctionTemplate%29", "SDL_ClearHints": "https://wiki.libsdl.org/SDL_ClearHints?highlight=%28%5CbCategoryAPI%5Cb%29%7C%28SDLFunctionTemplate%29", "SDL_ClearQueuedAudio": "https://wiki.libsdl.org/SDL_ClearQueuedAudio?highlight=%28%5CbCategoryAPI%5Cb%29%7C%28SDLFunctionTemplate%29", "SDL_CloseAudio": "https://wiki.libsdl.org/SDL_CloseAudio?highlight=%28%5CbCategoryAPI%5Cb%29%7C%28SDLFunctionTemplate%29", "SDL_CloseAudioDevice": "https://wiki.libsdl.org/SDL_CloseAudioDevice?highlight=%28%5CbCategoryAPI%5Cb%29%7C%28SDLFunctionTemplate%29", "SDL_CompilerBarrier": "https://wiki.libsdl.org/SDL_CompilerBarrier?highlight=%28%5CbCategoryAPI%5Cb%29%7C%28SDLFunctionTemplate%29", "SDL_ComposeCustomBlendMode": "https://wiki.libsdl.org/SDL_ComposeCustomBlendMode?highlight=%28%5CbCategoryAPI%5Cb%29%7C%28SDLFunctionTemplate%29", "SDL_CondBroadcast": "https://wiki.libsdl.org/SDL_CondBroadcast?highlight=%28%5CbCategoryAPI%5Cb%29%7C%28SDLFunctionTemplate%29", "SDL_CondSignal": "https://wiki.libsdl.org/SDL_CondSignal?highlight=%28%5CbCategoryAPI%5Cb%29%7C%28SDLFunctionTemplate%29", "SDL_CondWait": "https://wiki.libsdl.org/SDL_CondWait?highlight=%28%5CbCategoryAPI%5Cb%29%7C%28SDLFunctionTemplate%29", "SDL_CondWaitTimeout": "https://wiki.libsdl.org/SDL_CondWaitTimeout?highlight=%28%5CbCategoryAPI%5Cb%29%7C%28SDLFunctionTemplate%29", "SDL_ConvertAudio": "https://wiki.libsdl.org/SDL_ConvertAudio?highlight=%28%5CbCategoryAPI%5Cb%29%7C%28SDLFunctionTemplate%29", "SDL_ConvertPixels": "https://wiki.libsdl.org/SDL_ConvertPixels?highlight=%28%5CbCategoryAPI%5Cb%29%7C%28SDLFunctionTemplate%29", "SDL_ConvertSurface": "https://wiki.libsdl.org/SDL_ConvertSurface?highlight=%28%5CbCategoryAPI%5Cb%29%7C%28SDLFunctionTemplate%29", "SDL_ConvertSurfaceFormat": "https://wiki.libsdl.org/SDL_ConvertSurfaceFormat?highlight=%28%5CbCategoryAPI%5Cb%29%7C%28SDLFunctionTemplate%29", "SDL_CreateColorCursor": "https://wiki.libsdl.org/SDL_CreateColorCursor?highlight=%28%5CbCategoryAPI%5Cb%29%7C%28SDLFunctionTemplate%29", "SDL_CreateCond": "https://wiki.libsdl.org/SDL_CreateCond?highlight=%28%5CbCategoryAPI%5Cb%29%7C%28SDLFunctionTemplate%29", "SDL_CreateCursor": "https://wiki.libsdl.org/SDL_CreateCursor?highlight=%28%5CbCategoryAPI%5Cb%29%7C%28SDLFunctionTemplate%29", "SDL_CreateMutex": "https://wiki.libsdl.org/SDL_CreateMutex?highlight=%28%5CbCategoryAPI%5Cb%29%7C%28SDLFunctionTemplate%29", "SDL_CreateRGBSurface": "https://wiki.libsdl.org/SDL_CreateRGBSurface?highlight=%28%5CbCategoryAPI%5Cb%29%7C%28SDLFunctionTemplate%29", "SDL_CreateRGBSurfaceFrom": "https://wiki.libsdl.org/SDL_CreateRGBSurfaceFrom?highlight=%28%5CbCategoryAPI%5Cb%29%7C%28SDLFunctionTemplate%29", "SDL_CreateRGBSurfaceWithFormat": "https://wiki.libsdl.org/SDL_CreateRGBSurfaceWithFormat?highlight=%28%5CbCategoryAPI%5Cb%29%7C%28SDLFunctionTemplate%29", "SDL_CreateRGBSurfaceWithFormatFrom": "https://wiki.libsdl.org/SDL_CreateRGBSurfaceWithFormatFrom?highlight=%28%5CbCategoryAPI%5Cb%29%7C%28SDLFunctionTemplate%29", "SDL_CreateRenderer": "https://wiki.libsdl.org/SDL_CreateRenderer?highlight=%28%5CbCategoryAPI%5Cb%29%7C%28SDLFunctionTemplate%29", "SDL_CreateSemaphore": "https://wiki.libsdl.org/SDL_CreateSemaphore?highlight=%28%5CbCategoryAPI%5Cb%29%7C%28SDLFunctionTemplate%29", "SDL_CreateSoftwareRenderer": "https://wiki.libsdl.org/SDL_CreateSoftwareRenderer?highlight=%28%5CbCategoryAPI%5Cb%29%7C%28SDLFunctionTemplate%29", "SDL_CreateSystemCursor": "https://wiki.libsdl.org/SDL_CreateSystemCursor?highlight=%28%5CbCategoryAPI%5Cb%29%7C%28SDLFunctionTemplate%29", "SDL_CreateTexture": "https://wiki.libsdl.org/SDL_CreateTexture?highlight=%28%5CbCategoryAPI%5Cb%29%7C%28SDLFunctionTemplate%29", "SDL_CreateTextureFromSurface": "https://wiki.libsdl.org/SDL_CreateTextureFromSurface?highlight=%28%5CbCategoryAPI%5Cb%29%7C%28SDLFunctionTemplate%29", "SDL_CreateThread": "https://wiki.libsdl.org/SDL_CreateThread?highlight=%28%5CbCategoryAPI%5Cb%29%7C%28SDLFunctionTemplate%29", "SDL_CreateWindow": "https://wiki.libsdl.org/SDL_CreateWindow?highlight=%28%5CbCategoryAPI%5Cb%29%7C%28SDLFunctionTemplate%29", "SDL_CreateWindowAndRenderer": "https://wiki.libsdl.org/SDL_CreateWindowAndRenderer?highlight=%28%5CbCategoryAPI%5Cb%29%7C%28SDLFunctionTemplate%29", "SDL_CreateWindowFrom": "https://wiki.libsdl.org/SDL_CreateWindowFrom?highlight=%28%5CbCategoryAPI%5Cb%29%7C%28SDLFunctionTemplate%29", "SDL_DXGIGetOutputInfo": "https://wiki.libsdl.org/SDL_DXGIGetOutputInfo?highlight=%28%5CbCategoryAPI%5Cb%29%7C%28SDLFunctionTemplate%29", "SDL_DelEventWatch": "https://wiki.libsdl.org/SDL_DelEventWatch?highlight=%28%5CbCategoryAPI%5Cb%29%7C%28SDLFunctionTemplate%29", "SDL_DelHintCallback": "https://wiki.libsdl.org/SDL_DelHintCallback?highlight=%28%5CbCategoryAPI%5Cb%29%7C%28SDLFunctionTemplate%29", "SDL_Delay": "https://wiki.libsdl.org/SDL_Delay?highlight=%28%5CbCategoryAPI%5Cb%29%7C%28SDLFunctionTemplate%29", "SDL_DequeueAudio": "https://wiki.libsdl.org/SDL_DequeueAudio?highlight=%28%5CbCategoryAPI%5Cb%29%7C%28SDLFunctionTemplate%29", "SDL_DestroyCond": "https://wiki.libsdl.org/SDL_DestroyCond?highlight=%28%5CbCategoryAPI%5Cb%29%7C%28SDLFunctionTemplate%29", "SDL_DestroyMutex": "https://wiki.libsdl.org/SDL_DestroyMutex?highlight=%28%5CbCategoryAPI%5Cb%29%7C%28SDLFunctionTemplate%29", "SDL_DestroyRenderer": "https://wiki.libsdl.org/SDL_DestroyRenderer?highlight=%28%5CbCategoryAPI%5Cb%29%7C%28SDLFunctionTemplate%29", "SDL_DestroySemaphore": "https://wiki.libsdl.org/SDL_DestroySemaphore?highlight=%28%5CbCategoryAPI%5Cb%29%7C%28SDLFunctionTemplate%29", "SDL_DestroyTexture": "https://wiki.libsdl.org/SDL_DestroyTexture?highlight=%28%5CbCategoryAPI%5Cb%29%7C%28SDLFunctionTemplate%29", "SDL_DestroyWindow": "https://wiki.libsdl.org/SDL_DestroyWindow?highlight=%28%5CbCategoryAPI%5Cb%29%7C%28SDLFunctionTemplate%29", "SDL_DetachThread": "https://wiki.libsdl.org/SDL_DetachThread?highlight=%28%5CbCategoryAPI%5Cb%29%7C%28SDLFunctionTemplate%29", "SDL_Direct3D9GetAdapterIndex": "https://wiki.libsdl.org/SDL_Direct3D9GetAdapterIndex?highlight=%28%5CbCategoryAPI%5Cb%29%7C%28SDLFunctionTemplate%29", "SDL_DisableScreenSaver": "https://wiki.libsdl.org/SDL_DisableScreenSaver?highlight=%28%5CbCategoryAPI%5Cb%29%7C%28SDLFunctionTemplate%29", "SDL_EnableScreenSaver": "https://wiki.libsdl.org/SDL_EnableScreenSaver?highlight=%28%5CbCategoryAPI%5Cb%29%7C%28SDLFunctionTemplate%29", "SDL_EnclosePoints": "https://wiki.libsdl.org/SDL_EnclosePoints?highlight=%28%5CbCategoryAPI%5Cb%29%7C%28SDLFunctionTemplate%29", "SDL_EventState": "https://wiki.libsdl.org/SDL_EventState?highlight=%28%5CbCategoryAPI%5Cb%29%7C%28SDLFunctionTemplate%29", "SDL_FillRect": "https://wiki.libsdl.org/SDL_FillRect?highlight=%28%5CbCategoryAPI%5Cb%29%7C%28SDLFunctionTemplate%29", "SDL_FillRects": "https://wiki.libsdl.org/SDL_FillRects?highlight=%28%5CbCategoryAPI%5Cb%29%7C%28SDLFunctionTemplate%29", "SDL_FilterEvents": "https://wiki.libsdl.org/SDL_FilterEvents?highlight=%28%5CbCategoryAPI%5Cb%29%7C%28SDLFunctionTemplate%29", "SDL_FlushEvent": "https://wiki.libsdl.org/SDL_FlushEvent?highlight=%28%5CbCategoryAPI%5Cb%29%7C%28SDLFunctionTemplate%29", "SDL_FlushEvents": "https://wiki.libsdl.org/SDL_FlushEvents?highlight=%28%5CbCategoryAPI%5Cb%29%7C%28SDLFunctionTemplate%29", "SDL_FreeCursor": "https://wiki.libsdl.org/SDL_FreeCursor?highlight=%28%5CbCategoryAPI%5Cb%29%7C%28SDLFunctionTemplate%29", "SDL_FreeFormat": "https://wiki.libsdl.org/SDL_FreeFormat?highlight=%28%5CbCategoryAPI%5Cb%29%7C%28SDLFunctionTemplate%29", "SDL_FreePalette": "https://wiki.libsdl.org/SDL_FreePalette?highlight=%28%5CbCategoryAPI%5Cb%29%7C%28SDLFunctionTemplate%29", "SDL_FreeRW": "https://wiki.libsdl.org/SDL_FreeRW?highlight=%28%5CbCategoryAPI%5Cb%29%7C%28SDLFunctionTemplate%29", "SDL_FreeSurface": "https://wiki.libsdl.org/SDL_FreeSurface?highlight=%28%5CbCategoryAPI%5Cb%29%7C%28SDLFunctionTemplate%29", "SDL_FreeWAV": "https://wiki.libsdl.org/SDL_FreeWAV?highlight=%28%5CbCategoryAPI%5Cb%29%7C%28SDLFunctionTemplate%29", "SDL_GL_BindTexture": "https://wiki.libsdl.org/SDL_GL_BindTexture?highlight=%28%5CbCategoryAPI%5Cb%29%7C%28SDLFunctionTemplate%29", "SDL_GL_CreateContext": "https://wiki.libsdl.org/SDL_GL_CreateContext?highlight=%28%5CbCategoryAPI%5Cb%29%7C%28SDLFunctionTemplate%29", "SDL_GL_DeleteContext": "https://wiki.libsdl.org/SDL_GL_DeleteContext?highlight=%28%5CbCategoryAPI%5Cb%29%7C%28SDLFunctionTemplate%29", "SDL_GL_ExtensionSupported": "https://wiki.libsdl.org/SDL_GL_ExtensionSupported?highlight=%28%5CbCategoryAPI%5Cb%29%7C%28SDLFunctionTemplate%29", "SDL_GL_GetAttribute": "https://wiki.libsdl.org/SDL_GL_GetAttribute?highlight=%28%5CbCategoryAPI%5Cb%29%7C%28SDLFunctionTemplate%29", "SDL_GL_GetCurrentContext": "https://wiki.libsdl.org/SDL_GL_GetCurrentContext?highlight=%28%5CbCategoryAPI%5Cb%29%7C%28SDLFunctionTemplate%29", "SDL_GL_GetCurrentWindow": "https://wiki.libsdl.org/SDL_GL_GetCurrentWindow?highlight=%28%5CbCategoryAPI%5Cb%29%7C%28SDLFunctionTemplate%29", "SDL_GL_GetDrawableSize": "https://wiki.libsdl.org/SDL_GL_GetDrawableSize?highlight=%28%5CbCategoryAPI%5Cb%29%7C%28SDLFunctionTemplate%29", "SDL_GL_GetProcAddress": "https://wiki.libsdl.org/SDL_GL_GetProcAddress?highlight=%28%5CbCategoryAPI%5Cb%29%7C%28SDLFunctionTemplate%29", "SDL_GL_GetSwapInterval": "https://wiki.libsdl.org/SDL_GL_GetSwapInterval?highlight=%28%5CbCategoryAPI%5Cb%29%7C%28SDLFunctionTemplate%29", "SDL_GL_LoadLibrary": "https://wiki.libsdl.org/SDL_GL_LoadLibrary?highlight=%28%5CbCategoryAPI%5Cb%29%7C%28SDLFunctionTemplate%29", "SDL_GL_MakeCurrent": "https://wiki.libsdl.org/SDL_GL_MakeCurrent?highlight=%28%5CbCategoryAPI%5Cb%29%7C%28SDLFunctionTemplate%29", "SDL_GL_ResetAttributes": "https://wiki.libsdl.org/SDL_GL_ResetAttributes?highlight=%28%5CbCategoryAPI%5Cb%29%7C%28SDLFunctionTemplate%29", "SDL_GL_SetAttribute": "https://wiki.libsdl.org/SDL_GL_SetAttribute?highlight=%28%5CbCategoryAPI%5Cb%29%7C%28SDLFunctionTemplate%29", "SDL_GL_SetSwapInterval": "https://wiki.libsdl.org/SDL_GL_SetSwapInterval?highlight=%28%5CbCategoryAPI%5Cb%29%7C%28SDLFunctionTemplate%29", "SDL_GL_SwapWindow": "https://wiki.libsdl.org/SDL_GL_SwapWindow?highlight=%28%5CbCategoryAPI%5Cb%29%7C%28SDLFunctionTemplate%29", "SDL_GL_UnbindTexture": "https://wiki.libsdl.org/SDL_GL_UnbindTexture?highlight=%28%5CbCategoryAPI%5Cb%29%7C%28SDLFunctionTemplate%29", "SDL_GL_UnloadLibrary": "https://wiki.libsdl.org/SDL_GL_UnloadLibrary?highlight=%28%5CbCategoryAPI%5Cb%29%7C%28SDLFunctionTemplate%29", "SDL_GameControllerAddMapping": "https://wiki.libsdl.org/SDL_GameControllerAddMapping?highlight=%28%5CbCategoryAPI%5Cb%29%7C%28SDLFunctionTemplate%29", "SDL_GameControllerAddMappingsFromFile": "https://wiki.libsdl.org/SDL_GameControllerAddMappingsFromFile?highlight=%28%5CbCategoryAPI%5Cb%29%7C%28SDLFunctionTemplate%29", "SDL_GameControllerAddMappingsFromRW": "https://wiki.libsdl.org/SDL_GameControllerAddMappingsFromRW?highlight=%28%5CbCategoryAPI%5Cb%29%7C%28SDLFunctionTemplate%29", "SDL_GameControllerClose": "https://wiki.libsdl.org/SDL_GameControllerClose?highlight=%28%5CbCategoryAPI%5Cb%29%7C%28SDLFunctionTemplate%29", "SDL_GameControllerEventState": "https://wiki.libsdl.org/SDL_GameControllerEventState?highlight=%28%5CbCategoryAPI%5Cb%29%7C%28SDLFunctionTemplate%29", "SDL_GameControllerFromInstanceID": "https://wiki.libsdl.org/SDL_GameControllerFromInstanceID?highlight=%28%5CbCategoryAPI%5Cb%29%7C%28SDLFunctionTemplate%29", "SDL_GameControllerGetAttached": "https://wiki.libsdl.org/SDL_GameControllerGetAttached?highlight=%28%5CbCategoryAPI%5Cb%29%7C%28SDLFunctionTemplate%29", "SDL_GameControllerGetAxis": "https://wiki.libsdl.org/SDL_GameControllerGetAxis?highlight=%28%5CbCategoryAPI%5Cb%29%7C%28SDLFunctionTemplate%29", "SDL_GameControllerGetAxisFromString": "https://wiki.libsdl.org/SDL_GameControllerGetAxisFromString?highlight=%28%5CbCategoryAPI%5Cb%29%7C%28SDLFunctionTemplate%29", "SDL_GameControllerGetBindForAxis": "https://wiki.libsdl.org/SDL_GameControllerGetBindForAxis?highlight=%28%5CbCategoryAPI%5Cb%29%7C%28SDLFunctionTemplate%29", "SDL_GameControllerGetBindForButton": "https://wiki.libsdl.org/SDL_GameControllerGetBindForButton?highlight=%28%5CbCategoryAPI%5Cb%29%7C%28SDLFunctionTemplate%29", "SDL_GameControllerGetButton": "https://wiki.libsdl.org/SDL_GameControllerGetButton?highlight=%28%5CbCategoryAPI%5Cb%29%7C%28SDLFunctionTemplate%29", "SDL_GameControllerGetButtonFromString": "https://wiki.libsdl.org/SDL_GameControllerGetButtonFromString?highlight=%28%5CbCategoryAPI%5Cb%29%7C%28SDLFunctionTemplate%29", "SDL_GameControllerGetJoystick": "https://wiki.libsdl.org/SDL_GameControllerGetJoystick?highlight=%28%5CbCategoryAPI%5Cb%29%7C%28SDLFunctionTemplate%29", "SDL_GameControllerGetStringForAxis": "https://wiki.libsdl.org/SDL_GameControllerGetStringForAxis?highlight=%28%5CbCategoryAPI%5Cb%29%7C%28SDLFunctionTemplate%29", "SDL_GameControllerGetStringForButton": "https://wiki.libsdl.org/SDL_GameControllerGetStringForButton?highlight=%28%5CbCategoryAPI%5Cb%29%7C%28SDLFunctionTemplate%29", "SDL_GameControllerMapping": "https://wiki.libsdl.org/SDL_GameControllerMapping?highlight=%28%5CbCategoryAPI%5Cb%29%7C%28SDLFunctionTemplate%29", "SDL_GameControllerMappingForGUID": "https://wiki.libsdl.org/SDL_GameControllerMappingForGUID?highlight=%28%5CbCategoryAPI%5Cb%29%7C%28SDLFunctionTemplate%29", "SDL_GameControllerName": "https://wiki.libsdl.org/SDL_GameControllerName?highlight=%28%5CbCategoryAPI%5Cb%29%7C%28SDLFunctionTemplate%29", "SDL_GameControllerNameForIndex": "https://wiki.libsdl.org/SDL_GameControllerNameForIndex?highlight=%28%5CbCategoryAPI%5Cb%29%7C%28SDLFunctionTemplate%29", "SDL_GameControllerOpen": "https://wiki.libsdl.org/SDL_GameControllerOpen?highlight=%28%5CbCategoryAPI%5Cb%29%7C%28SDLFunctionTemplate%29", "SDL_GameControllerUpdate": "https://wiki.libsdl.org/SDL_GameControllerUpdate?highlight=%28%5CbCategoryAPI%5Cb%29%7C%28SDLFunctionTemplate%29", "SDL_GetAssertionHandler": "https://wiki.libsdl.org/SDL_GetAssertionHandler?highlight=%28%5CbCategoryAPI%5Cb%29%7C%28SDLFunctionTemplate%29", "SDL_GetAssertionReport": "https://wiki.libsdl.org/SDL_GetAssertionReport?highlight=%28%5CbCategoryAPI%5Cb%29%7C%28SDLFunctionTemplate%29", "SDL_GetAudioDeviceName": "https://wiki.libsdl.org/SDL_GetAudioDeviceName?highlight=%28%5CbCategoryAPI%5Cb%29%7C%28SDLFunctionTemplate%29", "SDL_GetAudioDeviceStatus": "https://wiki.libsdl.org/SDL_GetAudioDeviceStatus?highlight=%28%5CbCategoryAPI%5Cb%29%7C%28SDLFunctionTemplate%29", "SDL_GetAudioDriver": "https://wiki.libsdl.org/SDL_GetAudioDriver?highlight=%28%5CbCategoryAPI%5Cb%29%7C%28SDLFunctionTemplate%29", "SDL_GetAudioStatus": "https://wiki.libsdl.org/SDL_GetAudioStatus?highlight=%28%5CbCategoryAPI%5Cb%29%7C%28SDLFunctionTemplate%29", "SDL_GetBasePath": "https://wiki.libsdl.org/SDL_GetBasePath?highlight=%28%5CbCategoryAPI%5Cb%29%7C%28SDLFunctionTemplate%29", "SDL_GetCPUCacheLineSize": "https://wiki.libsdl.org/SDL_GetCPUCacheLineSize?highlight=%28%5CbCategoryAPI%5Cb%29%7C%28SDLFunctionTemplate%29", "SDL_GetCPUCount": "https://wiki.libsdl.org/SDL_GetCPUCount?highlight=%28%5CbCategoryAPI%5Cb%29%7C%28SDLFunctionTemplate%29", "SDL_GetClipRect": "https://wiki.libsdl.org/SDL_GetClipRect?highlight=%28%5CbCategoryAPI%5Cb%29%7C%28SDLFunctionTemplate%29", "SDL_GetClipboardText": "https://wiki.libsdl.org/SDL_GetClipboardText?highlight=%28%5CbCategoryAPI%5Cb%29%7C%28SDLFunctionTemplate%29", "SDL_GetClosestDisplayMode": "https://wiki.libsdl.org/SDL_GetClosestDisplayMode?highlight=%28%5CbCategoryAPI%5Cb%29%7C%28SDLFunctionTemplate%29", "SDL_GetColorKey": "https://wiki.libsdl.org/SDL_GetColorKey?highlight=%28%5CbCategoryAPI%5Cb%29%7C%28SDLFunctionTemplate%29", "SDL_GetCurrentAudioDriver": "https://wiki.libsdl.org/SDL_GetCurrentAudioDriver?highlight=%28%5CbCategoryAPI%5Cb%29%7C%28SDLFunctionTemplate%29", "SDL_GetCurrentDisplayMode": "https://wiki.libsdl.org/SDL_GetCurrentDisplayMode?highlight=%28%5CbCategoryAPI%5Cb%29%7C%28SDLFunctionTemplate%29", "SDL_GetCurrentVideoDriver": "https://wiki.libsdl.org/SDL_GetCurrentVideoDriver?highlight=%28%5CbCategoryAPI%5Cb%29%7C%28SDLFunctionTemplate%29", "SDL_GetCursor": "https://wiki.libsdl.org/SDL_GetCursor?highlight=%28%5CbCategoryAPI%5Cb%29%7C%28SDLFunctionTemplate%29", "SDL_GetDefaultAssertionHandler": "https://wiki.libsdl.org/SDL_GetDefaultAssertionHandler?highlight=%28%5CbCategoryAPI%5Cb%29%7C%28SDLFunctionTemplate%29", "SDL_GetDefaultCursor": "https://wiki.libsdl.org/SDL_GetDefaultCursor?highlight=%28%5CbCategoryAPI%5Cb%29%7C%28SDLFunctionTemplate%29", "SDL_GetDesktopDisplayMode": "https://wiki.libsdl.org/SDL_GetDesktopDisplayMode?highlight=%28%5CbCategoryAPI%5Cb%29%7C%28SDLFunctionTemplate%29", "SDL_GetDisplayBounds": "https://wiki.libsdl.org/SDL_GetDisplayBounds?highlight=%28%5CbCategoryAPI%5Cb%29%7C%28SDLFunctionTemplate%29", "SDL_GetDisplayDPI": "https://wiki.libsdl.org/SDL_GetDisplayDPI?highlight=%28%5CbCategoryAPI%5Cb%29%7C%28SDLFunctionTemplate%29", "SDL_GetDisplayMode": "https://wiki.libsdl.org/SDL_GetDisplayMode?highlight=%28%5CbCategoryAPI%5Cb%29%7C%28SDLFunctionTemplate%29", "SDL_GetDisplayName": "https://wiki.libsdl.org/SDL_GetDisplayName?highlight=%28%5CbCategoryAPI%5Cb%29%7C%28SDLFunctionTemplate%29", "SDL_GetDisplayUsableBounds": "https://wiki.libsdl.org/SDL_GetDisplayUsableBounds?highlight=%28%5CbCategoryAPI%5Cb%29%7C%28SDLFunctionTemplate%29", "SDL_GetError": "https://wiki.libsdl.org/SDL_GetError?highlight=%28%5CbCategoryAPI%5Cb%29%7C%28SDLFunctionTemplate%29", "SDL_GetEventFilter": "https://wiki.libsdl.org/SDL_GetEventFilter?highlight=%28%5CbCategoryAPI%5Cb%29%7C%28SDLFunctionTemplate%29", "SDL_GetEventState": "https://wiki.libsdl.org/SDL_GetEventState?highlight=%28%5CbCategoryAPI%5Cb%29%7C%28SDLFunctionTemplate%29", "SDL_GetGlobalMouseState": "https://wiki.libsdl.org/SDL_GetGlobalMouseState?highlight=%28%5CbCategoryAPI%5Cb%29%7C%28SDLFunctionTemplate%29", "SDL_GetGrabbedWindow": "https://wiki.libsdl.org/SDL_GetGrabbedWindow?highlight=%28%5CbCategoryAPI%5Cb%29%7C%28SDLFunctionTemplate%29", "SDL_GetHint": "https://wiki.libsdl.org/SDL_GetHint?highlight=%28%5CbCategoryAPI%5Cb%29%7C%28SDLFunctionTemplate%29", "SDL_GetHintBoolean": "https://wiki.libsdl.org/SDL_GetHintBoolean?highlight=%28%5CbCategoryAPI%5Cb%29%7C%28SDLFunctionTemplate%29", "SDL_GetKeyFromName": "https://wiki.libsdl.org/SDL_GetKeyFromName?highlight=%28%5CbCategoryAPI%5Cb%29%7C%28SDLFunctionTemplate%29", "SDL_GetKeyFromScancode": "https://wiki.libsdl.org/SDL_GetKeyFromScancode?highlight=%28%5CbCategoryAPI%5Cb%29%7C%28SDLFunctionTemplate%29", "SDL_GetKeyName": "https://wiki.libsdl.org/SDL_GetKeyName?highlight=%28%5CbCategoryAPI%5Cb%29%7C%28SDLFunctionTemplate%29", "SDL_GetKeyboardFocus": "https://wiki.libsdl.org/SDL_GetKeyboardFocus?highlight=%28%5CbCategoryAPI%5Cb%29%7C%28SDLFunctionTemplate%29", "SDL_GetKeyboardState": "https://wiki.libsdl.org/SDL_GetKeyboardState?highlight=%28%5CbCategoryAPI%5Cb%29%7C%28SDLFunctionTemplate%29", "SDL_GetModState": "https://wiki.libsdl.org/SDL_GetModState?highlight=%28%5CbCategoryAPI%5Cb%29%7C%28SDLFunctionTemplate%29", "SDL_GetMouseFocus": "https://wiki.libsdl.org/SDL_GetMouseFocus?highlight=%28%5CbCategoryAPI%5Cb%29%7C%28SDLFunctionTemplate%29", "SDL_GetMouseState": "https://wiki.libsdl.org/SDL_GetMouseState?highlight=%28%5CbCategoryAPI%5Cb%29%7C%28SDLFunctionTemplate%29", "SDL_GetNumAudioDevices": "https://wiki.libsdl.org/SDL_GetNumAudioDevices?highlight=%28%5CbCategoryAPI%5Cb%29%7C%28SDLFunctionTemplate%29", "SDL_GetNumAudioDrivers": "https://wiki.libsdl.org/SDL_GetNumAudioDrivers?highlight=%28%5CbCategoryAPI%5Cb%29%7C%28SDLFunctionTemplate%29", "SDL_GetNumDisplayModes": "https://wiki.libsdl.org/SDL_GetNumDisplayModes?highlight=%28%5CbCategoryAPI%5Cb%29%7C%28SDLFunctionTemplate%29", "SDL_GetNumRenderDrivers": "https://wiki.libsdl.org/SDL_GetNumRenderDrivers?highlight=%28%5CbCategoryAPI%5Cb%29%7C%28SDLFunctionTemplate%29", "SDL_GetNumTouchDevices": "https://wiki.libsdl.org/SDL_GetNumTouchDevices?highlight=%28%5CbCategoryAPI%5Cb%29%7C%28SDLFunctionTemplate%29", "SDL_GetNumTouchFingers": "https://wiki.libsdl.org/SDL_GetNumTouchFingers?highlight=%28%5CbCategoryAPI%5Cb%29%7C%28SDLFunctionTemplate%29", "SDL_GetNumVideoDisplays": "https://wiki.libsdl.org/SDL_GetNumVideoDisplays?highlight=%28%5CbCategoryAPI%5Cb%29%7C%28SDLFunctionTemplate%29", "SDL_GetNumVideoDrivers": "https://wiki.libsdl.org/SDL_GetNumVideoDrivers?highlight=%28%5CbCategoryAPI%5Cb%29%7C%28SDLFunctionTemplate%29", "SDL_GetPerformanceCounter": "https://wiki.libsdl.org/SDL_GetPerformanceCounter?highlight=%28%5CbCategoryAPI%5Cb%29%7C%28SDLFunctionTemplate%29", "SDL_GetPerformanceFrequency": "https://wiki.libsdl.org/SDL_GetPerformanceFrequency?highlight=%28%5CbCategoryAPI%5Cb%29%7C%28SDLFunctionTemplate%29", "SDL_GetPixelFormatName": "https://wiki.libsdl.org/SDL_GetPixelFormatName?highlight=%28%5CbCategoryAPI%5Cb%29%7C%28SDLFunctionTemplate%29", "SDL_GetPlatform": "https://wiki.libsdl.org/SDL_GetPlatform?highlight=%28%5CbCategoryAPI%5Cb%29%7C%28SDLFunctionTemplate%29", "SDL_GetPowerInfo": "https://wiki.libsdl.org/SDL_GetPowerInfo?highlight=%28%5CbCategoryAPI%5Cb%29%7C%28SDLFunctionTemplate%29", "SDL_GetPrefPath": "https://wiki.libsdl.org/SDL_GetPrefPath?highlight=%28%5CbCategoryAPI%5Cb%29%7C%28SDLFunctionTemplate%29", "SDL_GetQueuedAudioSize": "https://wiki.libsdl.org/SDL_GetQueuedAudioSize?highlight=%28%5CbCategoryAPI%5Cb%29%7C%28SDLFunctionTemplate%29", "SDL_GetRGB": "https://wiki.libsdl.org/SDL_GetRGB?highlight=%28%5CbCategoryAPI%5Cb%29%7C%28SDLFunctionTemplate%29", "SDL_GetRGBA": "https://wiki.libsdl.org/SDL_GetRGBA?highlight=%28%5CbCategoryAPI%5Cb%29%7C%28SDLFunctionTemplate%29", "SDL_GetRelativeMouseMode": "https://wiki.libsdl.org/SDL_GetRelativeMouseMode?highlight=%28%5CbCategoryAPI%5Cb%29%7C%28SDLFunctionTemplate%29", "SDL_GetRelativeMouseState": "https://wiki.libsdl.org/SDL_GetRelativeMouseState?highlight=%28%5CbCategoryAPI%5Cb%29%7C%28SDLFunctionTemplate%29", "SDL_GetRenderDrawBlendMode": "https://wiki.libsdl.org/SDL_GetRenderDrawBlendMode?highlight=%28%5CbCategoryAPI%5Cb%29%7C%28SDLFunctionTemplate%29", "SDL_GetRenderDrawColor": "https://wiki.libsdl.org/SDL_GetRenderDrawColor?highlight=%28%5CbCategoryAPI%5Cb%29%7C%28SDLFunctionTemplate%29", "SDL_GetRenderDriverInfo": "https://wiki.libsdl.org/SDL_GetRenderDriverInfo?highlight=%28%5CbCategoryAPI%5Cb%29%7C%28SDLFunctionTemplate%29", "SDL_GetRenderTarget": "https://wiki.libsdl.org/SDL_GetRenderTarget?highlight=%28%5CbCategoryAPI%5Cb%29%7C%28SDLFunctionTemplate%29", "SDL_GetRenderer": "https://wiki.libsdl.org/SDL_GetRenderer?highlight=%28%5CbCategoryAPI%5Cb%29%7C%28SDLFunctionTemplate%29", "SDL_GetRendererInfo": "https://wiki.libsdl.org/SDL_GetRendererInfo?highlight=%28%5CbCategoryAPI%5Cb%29%7C%28SDLFunctionTemplate%29", "SDL_GetRendererOutputSize": "https://wiki.libsdl.org/SDL_GetRendererOutputSize?highlight=%28%5CbCategoryAPI%5Cb%29%7C%28SDLFunctionTemplate%29", "SDL_GetRevision": "https://wiki.libsdl.org/SDL_GetRevision?highlight=%28%5CbCategoryAPI%5Cb%29%7C%28SDLFunctionTemplate%29", "SDL_GetRevisionNumber": "https://wiki.libsdl.org/SDL_GetRevisionNumber?highlight=%28%5CbCategoryAPI%5Cb%29%7C%28SDLFunctionTemplate%29", "SDL_GetScancodeFromKey": "https://wiki.libsdl.org/SDL_GetScancodeFromKey?highlight=%28%5CbCategoryAPI%5Cb%29%7C%28SDLFunctionTemplate%29", "SDL_GetScancodeFromName": "https://wiki.libsdl.org/SDL_GetScancodeFromName?highlight=%28%5CbCategoryAPI%5Cb%29%7C%28SDLFunctionTemplate%29", "SDL_GetScancodeName": "https://wiki.libsdl.org/SDL_GetScancodeName?highlight=%28%5CbCategoryAPI%5Cb%29%7C%28SDLFunctionTemplate%29", "SDL_GetSurfaceAlphaMod": "https://wiki.libsdl.org/SDL_GetSurfaceAlphaMod?highlight=%28%5CbCategoryAPI%5Cb%29%7C%28SDLFunctionTemplate%29", "SDL_GetSurfaceBlendMode": "https://wiki.libsdl.org/SDL_GetSurfaceBlendMode?highlight=%28%5CbCategoryAPI%5Cb%29%7C%28SDLFunctionTemplate%29", "SDL_GetSurfaceColorMod": "https://wiki.libsdl.org/SDL_GetSurfaceColorMod?highlight=%28%5CbCategoryAPI%5Cb%29%7C%28SDLFunctionTemplate%29", "SDL_GetSystemRAM": "https://wiki.libsdl.org/SDL_GetSystemRAM?highlight=%28%5CbCategoryAPI%5Cb%29%7C%28SDLFunctionTemplate%29", "SDL_GetTextureAlphaMod": "https://wiki.libsdl.org/SDL_GetTextureAlphaMod?highlight=%28%5CbCategoryAPI%5Cb%29%7C%28SDLFunctionTemplate%29", "SDL_GetTextureBlendMode": "https://wiki.libsdl.org/SDL_GetTextureBlendMode?highlight=%28%5CbCategoryAPI%5Cb%29%7C%28SDLFunctionTemplate%29", "SDL_GetTextureColorMod": "https://wiki.libsdl.org/SDL_GetTextureColorMod?highlight=%28%5CbCategoryAPI%5Cb%29%7C%28SDLFunctionTemplate%29", "SDL_GetThreadID": "https://wiki.libsdl.org/SDL_GetThreadID?highlight=%28%5CbCategoryAPI%5Cb%29%7C%28SDLFunctionTemplate%29", "SDL_GetThreadName": "https://wiki.libsdl.org/SDL_GetThreadName?highlight=%28%5CbCategoryAPI%5Cb%29%7C%28SDLFunctionTemplate%29", "SDL_GetTicks": "https://wiki.libsdl.org/SDL_GetTicks?highlight=%28%5CbCategoryAPI%5Cb%29%7C%28SDLFunctionTemplate%29", "SDL_GetTouchDevice": "https://wiki.libsdl.org/SDL_GetTouchDevice?highlight=%28%5CbCategoryAPI%5Cb%29%7C%28SDLFunctionTemplate%29", "SDL_GetTouchFinger": "https://wiki.libsdl.org/SDL_GetTouchFinger?highlight=%28%5CbCategoryAPI%5Cb%29%7C%28SDLFunctionTemplate%29", "SDL_GetVersion": "https://wiki.libsdl.org/SDL_GetVersion?highlight=%28%5CbCategoryAPI%5Cb%29%7C%28SDLFunctionTemplate%29", "SDL_GetVideoDriver": "https://wiki.libsdl.org/SDL_GetVideoDriver?highlight=%28%5CbCategoryAPI%5Cb%29%7C%28SDLFunctionTemplate%29", "SDL_GetWindowBordersSize": "https://wiki.libsdl.org/SDL_GetWindowBordersSize?highlight=%28%5CbCategoryAPI%5Cb%29%7C%28SDLFunctionTemplate%29", "SDL_GetWindowBrightness": "https://wiki.libsdl.org/SDL_GetWindowBrightness?highlight=%28%5CbCategoryAPI%5Cb%29%7C%28SDLFunctionTemplate%29", "SDL_GetWindowData": "https://wiki.libsdl.org/SDL_GetWindowData?highlight=%28%5CbCategoryAPI%5Cb%29%7C%28SDLFunctionTemplate%29", "SDL_GetWindowDisplayIndex": "https://wiki.libsdl.org/SDL_GetWindowDisplayIndex?highlight=%28%5CbCategoryAPI%5Cb%29%7C%28SDLFunctionTemplate%29", "SDL_GetWindowDisplayMode": "https://wiki.libsdl.org/SDL_GetWindowDisplayMode?highlight=%28%5CbCategoryAPI%5Cb%29%7C%28SDLFunctionTemplate%29", "SDL_GetWindowFlags": "https://wiki.libsdl.org/SDL_GetWindowFlags?highlight=%28%5CbCategoryAPI%5Cb%29%7C%28SDLFunctionTemplate%29", "SDL_GetWindowFromID": "https://wiki.libsdl.org/SDL_GetWindowFromID?highlight=%28%5CbCategoryAPI%5Cb%29%7C%28SDLFunctionTemplate%29", "SDL_GetWindowGammaRamp": "https://wiki.libsdl.org/SDL_GetWindowGammaRamp?highlight=%28%5CbCategoryAPI%5Cb%29%7C%28SDLFunctionTemplate%29", "SDL_GetWindowGrab": "https://wiki.libsdl.org/SDL_GetWindowGrab?highlight=%28%5CbCategoryAPI%5Cb%29%7C%28SDLFunctionTemplate%29", "SDL_GetWindowID": "https://wiki.libsdl.org/SDL_GetWindowID?highlight=%28%5CbCategoryAPI%5Cb%29%7C%28SDLFunctionTemplate%29", "SDL_GetWindowMaximumSize": "https://wiki.libsdl.org/SDL_GetWindowMaximumSize?highlight=%28%5CbCategoryAPI%5Cb%29%7C%28SDLFunctionTemplate%29", "SDL_GetWindowMinimumSize": "https://wiki.libsdl.org/SDL_GetWindowMinimumSize?highlight=%28%5CbCategoryAPI%5Cb%29%7C%28SDLFunctionTemplate%29", "SDL_GetWindowOpacity": "https://wiki.libsdl.org/SDL_GetWindowOpacity?highlight=%28%5CbCategoryAPI%5Cb%29%7C%28SDLFunctionTemplate%29", "SDL_GetWindowPixelFormat": "https://wiki.libsdl.org/SDL_GetWindowPixelFormat?highlight=%28%5CbCategoryAPI%5Cb%29%7C%28SDLFunctionTemplate%29", "SDL_GetWindowPosition": "https://wiki.libsdl.org/SDL_GetWindowPosition?highlight=%28%5CbCategoryAPI%5Cb%29%7C%28SDLFunctionTemplate%29", "SDL_GetWindowSize": "https://wiki.libsdl.org/SDL_GetWindowSize?highlight=%28%5CbCategoryAPI%5Cb%29%7C%28SDLFunctionTemplate%29", "SDL_GetWindowSurface": "https://wiki.libsdl.org/SDL_GetWindowSurface?highlight=%28%5CbCategoryAPI%5Cb%29%7C%28SDLFunctionTemplate%29", "SDL_GetWindowTitle": "https://wiki.libsdl.org/SDL_GetWindowTitle?highlight=%28%5CbCategoryAPI%5Cb%29%7C%28SDLFunctionTemplate%29", "SDL_GetWindowWMInfo": "https://wiki.libsdl.org/SDL_GetWindowWMInfo?highlight=%28%5CbCategoryAPI%5Cb%29%7C%28SDLFunctionTemplate%29", "SDL_HapticClose": "https://wiki.libsdl.org/SDL_HapticClose?highlight=%28%5CbCategoryAPI%5Cb%29%7C%28SDLFunctionTemplate%29", "SDL_HapticDestroyEffect": "https://wiki.libsdl.org/SDL_HapticDestroyEffect?highlight=%28%5CbCategoryAPI%5Cb%29%7C%28SDLFunctionTemplate%29", "SDL_HapticEffectSupported": "https://wiki.libsdl.org/SDL_HapticEffectSupported?highlight=%28%5CbCategoryAPI%5Cb%29%7C%28SDLFunctionTemplate%29", "SDL_HapticGetEffectStatus": "https://wiki.libsdl.org/SDL_HapticGetEffectStatus?highlight=%28%5CbCategoryAPI%5Cb%29%7C%28SDLFunctionTemplate%29", "SDL_HapticIndex": "https://wiki.libsdl.org/SDL_HapticIndex?highlight=%28%5CbCategoryAPI%5Cb%29%7C%28SDLFunctionTemplate%29", "SDL_HapticName": "https://wiki.libsdl.org/SDL_HapticName?highlight=%28%5CbCategoryAPI%5Cb%29%7C%28SDLFunctionTemplate%29", "SDL_HapticNewEffect": "https://wiki.libsdl.org/SDL_HapticNewEffect?highlight=%28%5CbCategoryAPI%5Cb%29%7C%28SDLFunctionTemplate%29", "SDL_HapticNumAxes": "https://wiki.libsdl.org/SDL_HapticNumAxes?highlight=%28%5CbCategoryAPI%5Cb%29%7C%28SDLFunctionTemplate%29", "SDL_HapticNumEffects": "https://wiki.libsdl.org/SDL_HapticNumEffects?highlight=%28%5CbCategoryAPI%5Cb%29%7C%28SDLFunctionTemplate%29", "SDL_HapticNumEffectsPlaying": "https://wiki.libsdl.org/SDL_HapticNumEffectsPlaying?highlight=%28%5CbCategoryAPI%5Cb%29%7C%28SDLFunctionTemplate%29", "SDL_HapticOpen": "https://wiki.libsdl.org/SDL_HapticOpen?highlight=%28%5CbCategoryAPI%5Cb%29%7C%28SDLFunctionTemplate%29", "SDL_HapticOpenFromJoystick": "https://wiki.libsdl.org/SDL_HapticOpenFromJoystick?highlight=%28%5CbCategoryAPI%5Cb%29%7C%28SDLFunctionTemplate%29", "SDL_HapticOpenFromMouse": "https://wiki.libsdl.org/SDL_HapticOpenFromMouse?highlight=%28%5CbCategoryAPI%5Cb%29%7C%28SDLFunctionTemplate%29", "SDL_HapticOpened": "https://wiki.libsdl.org/SDL_HapticOpened?highlight=%28%5CbCategoryAPI%5Cb%29%7C%28SDLFunctionTemplate%29", "SDL_HapticPause": "https://wiki.libsdl.org/SDL_HapticPause?highlight=%28%5CbCategoryAPI%5Cb%29%7C%28SDLFunctionTemplate%29", "SDL_HapticQuery": "https://wiki.libsdl.org/SDL_HapticQuery?highlight=%28%5CbCategoryAPI%5Cb%29%7C%28SDLFunctionTemplate%29", "SDL_HapticRumbleInit": "https://wiki.libsdl.org/SDL_HapticRumbleInit?highlight=%28%5CbCategoryAPI%5Cb%29%7C%28SDLFunctionTemplate%29", "SDL_HapticRumblePlay": "https://wiki.libsdl.org/SDL_HapticRumblePlay?highlight=%28%5CbCategoryAPI%5Cb%29%7C%28SDLFunctionTemplate%29", "SDL_HapticRumbleStop": "https://wiki.libsdl.org/SDL_HapticRumbleStop?highlight=%28%5CbCategoryAPI%5Cb%29%7C%28SDLFunctionTemplate%29", "SDL_HapticRumbleSupported": "https://wiki.libsdl.org/SDL_HapticRumbleSupported?highlight=%28%5CbCategoryAPI%5Cb%29%7C%28SDLFunctionTemplate%29", "SDL_HapticRunEffect": "https://wiki.libsdl.org/SDL_HapticRunEffect?highlight=%28%5CbCategoryAPI%5Cb%29%7C%28SDLFunctionTemplate%29", "SDL_HapticSetAutocenter": "https://wiki.libsdl.org/SDL_HapticSetAutocenter?highlight=%28%5CbCategoryAPI%5Cb%29%7C%28SDLFunctionTemplate%29", "SDL_HapticSetGain": "https://wiki.libsdl.org/SDL_HapticSetGain?highlight=%28%5CbCategoryAPI%5Cb%29%7C%28SDLFunctionTemplate%29", "SDL_HapticStopAll": "https://wiki.libsdl.org/SDL_HapticStopAll?highlight=%28%5CbCategoryAPI%5Cb%29%7C%28SDLFunctionTemplate%29", "SDL_HapticStopEffect": "https://wiki.libsdl.org/SDL_HapticStopEffect?highlight=%28%5CbCategoryAPI%5Cb%29%7C%28SDLFunctionTemplate%29", "SDL_HapticUnpause": "https://wiki.libsdl.org/SDL_HapticUnpause?highlight=%28%5CbCategoryAPI%5Cb%29%7C%28SDLFunctionTemplate%29", "SDL_HapticUpdateEffect": "https://wiki.libsdl.org/SDL_HapticUpdateEffect?highlight=%28%5CbCategoryAPI%5Cb%29%7C%28SDLFunctionTemplate%29", "SDL_Has3DNow": "https://wiki.libsdl.org/SDL_Has3DNow?highlight=%28%5CbCategoryAPI%5Cb%29%7C%28SDLFunctionTemplate%29", "SDL_HasAVX": "https://wiki.libsdl.org/SDL_HasAVX?highlight=%28%5CbCategoryAPI%5Cb%29%7C%28SDLFunctionTemplate%29", "SDL_HasAVX2": "https://wiki.libsdl.org/SDL_HasAVX2?highlight=%28%5CbCategoryAPI%5Cb%29%7C%28SDLFunctionTemplate%29", "SDL_HasAltiVec": "https://wiki.libsdl.org/SDL_HasAltiVec?highlight=%28%5CbCategoryAPI%5Cb%29%7C%28SDLFunctionTemplate%29", "SDL_HasClipboardText": "https://wiki.libsdl.org/SDL_HasClipboardText?highlight=%28%5CbCategoryAPI%5Cb%29%7C%28SDLFunctionTemplate%29", "SDL_HasEvent": "https://wiki.libsdl.org/SDL_HasEvent?highlight=%28%5CbCategoryAPI%5Cb%29%7C%28SDLFunctionTemplate%29", "SDL_HasEvents": "https://wiki.libsdl.org/SDL_HasEvents?highlight=%28%5CbCategoryAPI%5Cb%29%7C%28SDLFunctionTemplate%29", "SDL_HasIntersection": "https://wiki.libsdl.org/SDL_HasIntersection?highlight=%28%5CbCategoryAPI%5Cb%29%7C%28SDLFunctionTemplate%29", "SDL_HasMMX": "https://wiki.libsdl.org/SDL_HasMMX?highlight=%28%5CbCategoryAPI%5Cb%29%7C%28SDLFunctionTemplate%29", "SDL_HasRDTSC": "https://wiki.libsdl.org/SDL_HasRDTSC?highlight=%28%5CbCategoryAPI%5Cb%29%7C%28SDLFunctionTemplate%29", "SDL_HasSSE": "https://wiki.libsdl.org/SDL_HasSSE?highlight=%28%5CbCategoryAPI%5Cb%29%7C%28SDLFunctionTemplate%29", "SDL_HasSSE2": "https://wiki.libsdl.org/SDL_HasSSE2?highlight=%28%5CbCategoryAPI%5Cb%29%7C%28SDLFunctionTemplate%29", "SDL_HasSSE3": "https://wiki.libsdl.org/SDL_HasSSE3?highlight=%28%5CbCategoryAPI%5Cb%29%7C%28SDLFunctionTemplate%29", "SDL_HasSSE41": "https://wiki.libsdl.org/SDL_HasSSE41?highlight=%28%5CbCategoryAPI%5Cb%29%7C%28SDLFunctionTemplate%29", "SDL_HasSSE42": "https://wiki.libsdl.org/SDL_HasSSE42?highlight=%28%5CbCategoryAPI%5Cb%29%7C%28SDLFunctionTemplate%29", "SDL_HasScreenKeyboardSupport": "https://wiki.libsdl.org/SDL_HasScreenKeyboardSupport?highlight=%28%5CbCategoryAPI%5Cb%29%7C%28SDLFunctionTemplate%29", "SDL_HideWindow": "https://wiki.libsdl.org/SDL_HideWindow?highlight=%28%5CbCategoryAPI%5Cb%29%7C%28SDLFunctionTemplate%29", "SDL_Init": "https://wiki.libsdl.org/SDL_Init?highlight=%28%5CbCategoryAPI%5Cb%29%7C%28SDLFunctionTemplate%29", "SDL_InitSubSystem": "https://wiki.libsdl.org/SDL_InitSubSystem?highlight=%28%5CbCategoryAPI%5Cb%29%7C%28SDLFunctionTemplate%29", "SDL_IntersectRect": "https://wiki.libsdl.org/SDL_IntersectRect?highlight=%28%5CbCategoryAPI%5Cb%29%7C%28SDLFunctionTemplate%29", "SDL_IntersectRectAndLine": "https://wiki.libsdl.org/SDL_IntersectRectAndLine?highlight=%28%5CbCategoryAPI%5Cb%29%7C%28SDLFunctionTemplate%29", "SDL_IsGameController": "https://wiki.libsdl.org/SDL_IsGameController?highlight=%28%5CbCategoryAPI%5Cb%29%7C%28SDLFunctionTemplate%29", "SDL_IsScreenKeyboardShown": "https://wiki.libsdl.org/SDL_IsScreenKeyboardShown?highlight=%28%5CbCategoryAPI%5Cb%29%7C%28SDLFunctionTemplate%29", "SDL_IsScreenSaverEnabled": "https://wiki.libsdl.org/SDL_IsScreenSaverEnabled?highlight=%28%5CbCategoryAPI%5Cb%29%7C%28SDLFunctionTemplate%29", "SDL_IsTextInputActive": "https://wiki.libsdl.org/SDL_IsTextInputActive?highlight=%28%5CbCategoryAPI%5Cb%29%7C%28SDLFunctionTemplate%29", "SDL_JoystickClose": "https://wiki.libsdl.org/SDL_JoystickClose?highlight=%28%5CbCategoryAPI%5Cb%29%7C%28SDLFunctionTemplate%29", "SDL_JoystickCurrentPowerLevel": "https://wiki.libsdl.org/SDL_JoystickCurrentPowerLevel?highlight=%28%5CbCategoryAPI%5Cb%29%7C%28SDLFunctionTemplate%29", "SDL_JoystickEventState": "https://wiki.libsdl.org/SDL_JoystickEventState?highlight=%28%5CbCategoryAPI%5Cb%29%7C%28SDLFunctionTemplate%29", "SDL_JoystickFromInstanceID": "https://wiki.libsdl.org/SDL_JoystickFromInstanceID?highlight=%28%5CbCategoryAPI%5Cb%29%7C%28SDLFunctionTemplate%29", "SDL_JoystickGetAttached": "https://wiki.libsdl.org/SDL_JoystickGetAttached?highlight=%28%5CbCategoryAPI%5Cb%29%7C%28SDLFunctionTemplate%29", "SDL_JoystickGetAxis": "https://wiki.libsdl.org/SDL_JoystickGetAxis?highlight=%28%5CbCategoryAPI%5Cb%29%7C%28SDLFunctionTemplate%29", "SDL_JoystickGetBall": "https://wiki.libsdl.org/SDL_JoystickGetBall?highlight=%28%5CbCategoryAPI%5Cb%29%7C%28SDLFunctionTemplate%29", "SDL_JoystickGetButton": "https://wiki.libsdl.org/SDL_JoystickGetButton?highlight=%28%5CbCategoryAPI%5Cb%29%7C%28SDLFunctionTemplate%29", "SDL_JoystickGetDeviceGUID": "https://wiki.libsdl.org/SDL_JoystickGetDeviceGUID?highlight=%28%5CbCategoryAPI%5Cb%29%7C%28SDLFunctionTemplate%29", "SDL_JoystickGetGUID": "https://wiki.libsdl.org/SDL_JoystickGetGUID?highlight=%28%5CbCategoryAPI%5Cb%29%7C%28SDLFunctionTemplate%29", "SDL_JoystickGetGUIDFromString": "https://wiki.libsdl.org/SDL_JoystickGetGUIDFromString?highlight=%28%5CbCategoryAPI%5Cb%29%7C%28SDLFunctionTemplate%29", "SDL_JoystickGetGUIDString": "https://wiki.libsdl.org/SDL_JoystickGetGUIDString?highlight=%28%5CbCategoryAPI%5Cb%29%7C%28SDLFunctionTemplate%29", "SDL_JoystickGetHat": "https://wiki.libsdl.org/SDL_JoystickGetHat?highlight=%28%5CbCategoryAPI%5Cb%29%7C%28SDLFunctionTemplate%29", "SDL_JoystickInstanceID": "https://wiki.libsdl.org/SDL_JoystickInstanceID?highlight=%28%5CbCategoryAPI%5Cb%29%7C%28SDLFunctionTemplate%29", "SDL_JoystickIsHaptic": "https://wiki.libsdl.org/SDL_JoystickIsHaptic?highlight=%28%5CbCategoryAPI%5Cb%29%7C%28SDLFunctionTemplate%29", "SDL_JoystickName": "https://wiki.libsdl.org/SDL_JoystickName?highlight=%28%5CbCategoryAPI%5Cb%29%7C%28SDLFunctionTemplate%29", "SDL_JoystickNameForIndex": "https://wiki.libsdl.org/SDL_JoystickNameForIndex?highlight=%28%5CbCategoryAPI%5Cb%29%7C%28SDLFunctionTemplate%29", "SDL_JoystickNumAxes": "https://wiki.libsdl.org/SDL_JoystickNumAxes?highlight=%28%5CbCategoryAPI%5Cb%29%7C%28SDLFunctionTemplate%29", "SDL_JoystickNumBalls": "https://wiki.libsdl.org/SDL_JoystickNumBalls?highlight=%28%5CbCategoryAPI%5Cb%29%7C%28SDLFunctionTemplate%29", "SDL_JoystickNumButtons": "https://wiki.libsdl.org/SDL_JoystickNumButtons?highlight=%28%5CbCategoryAPI%5Cb%29%7C%28SDLFunctionTemplate%29", "SDL_JoystickNumHats": "https://wiki.libsdl.org/SDL_JoystickNumHats?highlight=%28%5CbCategoryAPI%5Cb%29%7C%28SDLFunctionTemplate%29", "SDL_JoystickOpen": "https://wiki.libsdl.org/SDL_JoystickOpen?highlight=%28%5CbCategoryAPI%5Cb%29%7C%28SDLFunctionTemplate%29", "SDL_JoystickUpdate": "https://wiki.libsdl.org/SDL_JoystickUpdate?highlight=%28%5CbCategoryAPI%5Cb%29%7C%28SDLFunctionTemplate%29", "SDL_LoadBMP": "https://wiki.libsdl.org/SDL_LoadBMP?highlight=%28%5CbCategoryAPI%5Cb%29%7C%28SDLFunctionTemplate%29", "SDL_LoadBMP_RW": "https://wiki.libsdl.org/SDL_LoadBMP_RW?highlight=%28%5CbCategoryAPI%5Cb%29%7C%28SDLFunctionTemplate%29", "SDL_LoadDollarTemplates": "https://wiki.libsdl.org/SDL_LoadDollarTemplates?highlight=%28%5CbCategoryAPI%5Cb%29%7C%28SDLFunctionTemplate%29", "SDL_LoadFunction": "https://wiki.libsdl.org/SDL_LoadFunction?highlight=%28%5CbCategoryAPI%5Cb%29%7C%28SDLFunctionTemplate%29", "SDL_LoadObject": "https://wiki.libsdl.org/SDL_LoadObject?highlight=%28%5CbCategoryAPI%5Cb%29%7C%28SDLFunctionTemplate%29", "SDL_LoadWAV": "https://wiki.libsdl.org/SDL_LoadWAV?highlight=%28%5CbCategoryAPI%5Cb%29%7C%28SDLFunctionTemplate%29", "SDL_LoadWAV_RW": "https://wiki.libsdl.org/SDL_LoadWAV_RW?highlight=%28%5CbCategoryAPI%5Cb%29%7C%28SDLFunctionTemplate%29", "SDL_LockAudio": "https://wiki.libsdl.org/SDL_LockAudio?highlight=%28%5CbCategoryAPI%5Cb%29%7C%28SDLFunctionTemplate%29", "SDL_LockAudioDevice": "https://wiki.libsdl.org/SDL_LockAudioDevice?highlight=%28%5CbCategoryAPI%5Cb%29%7C%28SDLFunctionTemplate%29", "SDL_LockMutex": "https://wiki.libsdl.org/SDL_LockMutex?highlight=%28%5CbCategoryAPI%5Cb%29%7C%28SDLFunctionTemplate%29", "SDL_LockSurface": "https://wiki.libsdl.org/SDL_LockSurface?highlight=%28%5CbCategoryAPI%5Cb%29%7C%28SDLFunctionTemplate%29", "SDL_LockTexture": "https://wiki.libsdl.org/SDL_LockTexture?highlight=%28%5CbCategoryAPI%5Cb%29%7C%28SDLFunctionTemplate%29", "SDL_Log": "https://wiki.libsdl.org/SDL_Log?highlight=%28%5CbCategoryAPI%5Cb%29%7C%28SDLFunctionTemplate%29", "SDL_LogCritical": "https://wiki.libsdl.org/SDL_LogCritical?highlight=%28%5CbCategoryAPI%5Cb%29%7C%28SDLFunctionTemplate%29", "SDL_LogDebug": "https://wiki.libsdl.org/SDL_LogDebug?highlight=%28%5CbCategoryAPI%5Cb%29%7C%28SDLFunctionTemplate%29", "SDL_LogError": "https://wiki.libsdl.org/SDL_LogError?highlight=%28%5CbCategoryAPI%5Cb%29%7C%28SDLFunctionTemplate%29", "SDL_LogGetOutputFunction": "https://wiki.libsdl.org/SDL_LogGetOutputFunction?highlight=%28%5CbCategoryAPI%5Cb%29%7C%28SDLFunctionTemplate%29", "SDL_LogGetPriority": "https://wiki.libsdl.org/SDL_LogGetPriority?highlight=%28%5CbCategoryAPI%5Cb%29%7C%28SDLFunctionTemplate%29", "SDL_LogInfo": "https://wiki.libsdl.org/SDL_LogInfo?highlight=%28%5CbCategoryAPI%5Cb%29%7C%28SDLFunctionTemplate%29", "SDL_LogMessage": "https://wiki.libsdl.org/SDL_LogMessage?highlight=%28%5CbCategoryAPI%5Cb%29%7C%28SDLFunctionTemplate%29", "SDL_LogMessageV": "https://wiki.libsdl.org/SDL_LogMessageV?highlight=%28%5CbCategoryAPI%5Cb%29%7C%28SDLFunctionTemplate%29", "SDL_LogResetPriorities": "https://wiki.libsdl.org/SDL_LogResetPriorities?highlight=%28%5CbCategoryAPI%5Cb%29%7C%28SDLFunctionTemplate%29", "SDL_LogSetAllPriority": "https://wiki.libsdl.org/SDL_LogSetAllPriority?highlight=%28%5CbCategoryAPI%5Cb%29%7C%28SDLFunctionTemplate%29", "SDL_LogSetOutputFunction": "https://wiki.libsdl.org/SDL_LogSetOutputFunction?highlight=%28%5CbCategoryAPI%5Cb%29%7C%28SDLFunctionTemplate%29", "SDL_LogSetPriority": "https://wiki.libsdl.org/SDL_LogSetPriority?highlight=%28%5CbCategoryAPI%5Cb%29%7C%28SDLFunctionTemplate%29", "SDL_LogVerbose": "https://wiki.libsdl.org/SDL_LogVerbose?highlight=%28%5CbCategoryAPI%5Cb%29%7C%28SDLFunctionTemplate%29", "SDL_LogWarn": "https://wiki.libsdl.org/SDL_LogWarn?highlight=%28%5CbCategoryAPI%5Cb%29%7C%28SDLFunctionTemplate%29", "SDL_LowerBlit": "https://wiki.libsdl.org/SDL_LowerBlit?highlight=%28%5CbCategoryAPI%5Cb%29%7C%28SDLFunctionTemplate%29", "SDL_LowerBlitScaled": "https://wiki.libsdl.org/SDL_LowerBlitScaled?highlight=%28%5CbCategoryAPI%5Cb%29%7C%28SDLFunctionTemplate%29", "SDL_MUSTLOCK": "https://wiki.libsdl.org/SDL_MUSTLOCK?highlight=%28%5CbCategoryAPI%5Cb%29%7C%28SDLFunctionTemplate%29", "SDL_MapRGB": "https://wiki.libsdl.org/SDL_MapRGB?highlight=%28%5CbCategoryAPI%5Cb%29%7C%28SDLFunctionTemplate%29", "SDL_MapRGBA": "https://wiki.libsdl.org/SDL_MapRGBA?highlight=%28%5CbCategoryAPI%5Cb%29%7C%28SDLFunctionTemplate%29", "SDL_MasksToPixelFormatEnum": "https://wiki.libsdl.org/SDL_MasksToPixelFormatEnum?highlight=%28%5CbCategoryAPI%5Cb%29%7C%28SDLFunctionTemplate%29", "SDL_MaximizeWindow": "https://wiki.libsdl.org/SDL_MaximizeWindow?highlight=%28%5CbCategoryAPI%5Cb%29%7C%28SDLFunctionTemplate%29", "SDL_MinimizeWindow": "https://wiki.libsdl.org/SDL_MinimizeWindow?highlight=%28%5CbCategoryAPI%5Cb%29%7C%28SDLFunctionTemplate%29", "SDL_MixAudio": "https://wiki.libsdl.org/SDL_MixAudio?highlight=%28%5CbCategoryAPI%5Cb%29%7C%28SDLFunctionTemplate%29", "SDL_MixAudioFormat": "https://wiki.libsdl.org/SDL_MixAudioFormat?highlight=%28%5CbCategoryAPI%5Cb%29%7C%28SDLFunctionTemplate%29", "SDL_MostSignificantBitIndex32": "https://wiki.libsdl.org/SDL_MostSignificantBitIndex32?highlight=%28%5CbCategoryAPI%5Cb%29%7C%28SDLFunctionTemplate%29", "SDL_MouseIsHaptic": "https://wiki.libsdl.org/SDL_MouseIsHaptic?highlight=%28%5CbCategoryAPI%5Cb%29%7C%28SDLFunctionTemplate%29", "SDL_NumHaptics": "https://wiki.libsdl.org/SDL_NumHaptics?highlight=%28%5CbCategoryAPI%5Cb%29%7C%28SDLFunctionTemplate%29", "SDL_NumJoysticks": "https://wiki.libsdl.org/SDL_NumJoysticks?highlight=%28%5CbCategoryAPI%5Cb%29%7C%28SDLFunctionTemplate%29", "SDL_OpenAudio": "https://wiki.libsdl.org/SDL_OpenAudio?highlight=%28%5CbCategoryAPI%5Cb%29%7C%28SDLFunctionTemplate%29", "SDL_OpenAudioDevice": "https://wiki.libsdl.org/SDL_OpenAudioDevice?highlight=%28%5CbCategoryAPI%5Cb%29%7C%28SDLFunctionTemplate%29", "SDL_PauseAudio": "https://wiki.libsdl.org/SDL_PauseAudio?highlight=%28%5CbCategoryAPI%5Cb%29%7C%28SDLFunctionTemplate%29", "SDL_PauseAudioDevice": "https://wiki.libsdl.org/SDL_PauseAudioDevice?highlight=%28%5CbCategoryAPI%5Cb%29%7C%28SDLFunctionTemplate%29", "SDL_PeepEvents": "https://wiki.libsdl.org/SDL_PeepEvents?highlight=%28%5CbCategoryAPI%5Cb%29%7C%28SDLFunctionTemplate%29", "SDL_PixelFormatEnumToMasks": "https://wiki.libsdl.org/SDL_PixelFormatEnumToMasks?highlight=%28%5CbCategoryAPI%5Cb%29%7C%28SDLFunctionTemplate%29", "SDL_PointInRect": "https://wiki.libsdl.org/SDL_PointInRect?highlight=%28%5CbCategoryAPI%5Cb%29%7C%28SDLFunctionTemplate%29", "SDL_PollEvent": "https://wiki.libsdl.org/SDL_PollEvent?highlight=%28%5CbCategoryAPI%5Cb%29%7C%28SDLFunctionTemplate%29", "SDL_PumpEvents": "https://wiki.libsdl.org/SDL_PumpEvents?highlight=%28%5CbCategoryAPI%5Cb%29%7C%28SDLFunctionTemplate%29", "SDL_PushEvent": "https://wiki.libsdl.org/SDL_PushEvent?highlight=%28%5CbCategoryAPI%5Cb%29%7C%28SDLFunctionTemplate%29", "SDL_QueryTexture": "https://wiki.libsdl.org/SDL_QueryTexture?highlight=%28%5CbCategoryAPI%5Cb%29%7C%28SDLFunctionTemplate%29", "SDL_QueueAudio": "https://wiki.libsdl.org/SDL_QueueAudio?highlight=%28%5CbCategoryAPI%5Cb%29%7C%28SDLFunctionTemplate%29", "SDL_Quit": "https://wiki.libsdl.org/SDL_Quit?highlight=%28%5CbCategoryAPI%5Cb%29%7C%28SDLFunctionTemplate%29", "SDL_QuitRequested": "https://wiki.libsdl.org/SDL_QuitRequested?highlight=%28%5CbCategoryAPI%5Cb%29%7C%28SDLFunctionTemplate%29", "SDL_QuitSubSystem": "https://wiki.libsdl.org/SDL_QuitSubSystem?highlight=%28%5CbCategoryAPI%5Cb%29%7C%28SDLFunctionTemplate%29", "SDL_REVISION": "https://wiki.libsdl.org/SDL_REVISION?highlight=%28%5CbCategoryAPI%5Cb%29%7C%28SDLFunctionTemplate%29", "SDL_RWFromConstMem": "https://wiki.libsdl.org/SDL_RWFromConstMem?highlight=%28%5CbCategoryAPI%5Cb%29%7C%28SDLFunctionTemplate%29", "SDL_RWFromFP": "https://wiki.libsdl.org/SDL_RWFromFP?highlight=%28%5CbCategoryAPI%5Cb%29%7C%28SDLFunctionTemplate%29", "SDL_RWFromFile": "https://wiki.libsdl.org/SDL_RWFromFile?highlight=%28%5CbCategoryAPI%5Cb%29%7C%28SDLFunctionTemplate%29", "SDL_RWFromMem": "https://wiki.libsdl.org/SDL_RWFromMem?highlight=%28%5CbCategoryAPI%5Cb%29%7C%28SDLFunctionTemplate%29", "SDL_RWclose": "https://wiki.libsdl.org/SDL_RWclose?highlight=%28%5CbCategoryAPI%5Cb%29%7C%28SDLFunctionTemplate%29", "SDL_RWread": "https://wiki.libsdl.org/SDL_RWread?highlight=%28%5CbCategoryAPI%5Cb%29%7C%28SDLFunctionTemplate%29", "SDL_RWseek": "https://wiki.libsdl.org/SDL_RWseek?highlight=%28%5CbCategoryAPI%5Cb%29%7C%28SDLFunctionTemplate%29", "SDL_RWsize": "https://wiki.libsdl.org/SDL_RWsize?highlight=%28%5CbCategoryAPI%5Cb%29%7C%28SDLFunctionTemplate%29", "SDL_RWtell": "https://wiki.libsdl.org/SDL_RWtell?highlight=%28%5CbCategoryAPI%5Cb%29%7C%28SDLFunctionTemplate%29", "SDL_RWwrite": "https://wiki.libsdl.org/SDL_RWwrite?highlight=%28%5CbCategoryAPI%5Cb%29%7C%28SDLFunctionTemplate%29", "SDL_RaiseWindow": "https://wiki.libsdl.org/SDL_RaiseWindow?highlight=%28%5CbCategoryAPI%5Cb%29%7C%28SDLFunctionTemplate%29", "SDL_ReadBE16": "https://wiki.libsdl.org/SDL_ReadBE16?highlight=%28%5CbCategoryAPI%5Cb%29%7C%28SDLFunctionTemplate%29", "SDL_ReadBE32": "https://wiki.libsdl.org/SDL_ReadBE32?highlight=%28%5CbCategoryAPI%5Cb%29%7C%28SDLFunctionTemplate%29", "SDL_ReadBE64": "https://wiki.libsdl.org/SDL_ReadBE64?highlight=%28%5CbCategoryAPI%5Cb%29%7C%28SDLFunctionTemplate%29", "SDL_ReadLE16": "https://wiki.libsdl.org/SDL_ReadLE16?highlight=%28%5CbCategoryAPI%5Cb%29%7C%28SDLFunctionTemplate%29", "SDL_ReadLE32": "https://wiki.libsdl.org/SDL_ReadLE32?highlight=%28%5CbCategoryAPI%5Cb%29%7C%28SDLFunctionTemplate%29", "SDL_ReadLE64": "https://wiki.libsdl.org/SDL_ReadLE64?highlight=%28%5CbCategoryAPI%5Cb%29%7C%28SDLFunctionTemplate%29", "SDL_ReadU8": "https://wiki.libsdl.org/SDL_ReadU8?highlight=%28%5CbCategoryAPI%5Cb%29%7C%28SDLFunctionTemplate%29", "SDL_RecordGesture": "https://wiki.libsdl.org/SDL_RecordGesture?highlight=%28%5CbCategoryAPI%5Cb%29%7C%28SDLFunctionTemplate%29", "SDL_RectEmpty": "https://wiki.libsdl.org/SDL_RectEmpty?highlight=%28%5CbCategoryAPI%5Cb%29%7C%28SDLFunctionTemplate%29", "SDL_RectEquals": "https://wiki.libsdl.org/SDL_RectEquals?highlight=%28%5CbCategoryAPI%5Cb%29%7C%28SDLFunctionTemplate%29", "SDL_RegisterEvents": "https://wiki.libsdl.org/SDL_RegisterEvents?highlight=%28%5CbCategoryAPI%5Cb%29%7C%28SDLFunctionTemplate%29", "SDL_RemoveTimer": "https://wiki.libsdl.org/SDL_RemoveTimer?highlight=%28%5CbCategoryAPI%5Cb%29%7C%28SDLFunctionTemplate%29", "SDL_RenderClear": "https://wiki.libsdl.org/SDL_RenderClear?highlight=%28%5CbCategoryAPI%5Cb%29%7C%28SDLFunctionTemplate%29", "SDL_RenderCopy": "https://wiki.libsdl.org/SDL_RenderCopy?highlight=%28%5CbCategoryAPI%5Cb%29%7C%28SDLFunctionTemplate%29", "SDL_RenderCopyEx": "https://wiki.libsdl.org/SDL_RenderCopyEx?highlight=%28%5CbCategoryAPI%5Cb%29%7C%28SDLFunctionTemplate%29", "SDL_RenderDrawLine": "https://wiki.libsdl.org/SDL_RenderDrawLine?highlight=%28%5CbCategoryAPI%5Cb%29%7C%28SDLFunctionTemplate%29", "SDL_RenderDrawLines": "https://wiki.libsdl.org/SDL_RenderDrawLines?highlight=%28%5CbCategoryAPI%5Cb%29%7C%28SDLFunctionTemplate%29", "SDL_RenderDrawPoint": "https://wiki.libsdl.org/SDL_RenderDrawPoint?highlight=%28%5CbCategoryAPI%5Cb%29%7C%28SDLFunctionTemplate%29", "SDL_RenderDrawPoints": "https://wiki.libsdl.org/SDL_RenderDrawPoints?highlight=%28%5CbCategoryAPI%5Cb%29%7C%28SDLFunctionTemplate%29", "SDL_RenderDrawRect": "https://wiki.libsdl.org/SDL_RenderDrawRect?highlight=%28%5CbCategoryAPI%5Cb%29%7C%28SDLFunctionTemplate%29", "SDL_RenderDrawRects": "https://wiki.libsdl.org/SDL_RenderDrawRects?highlight=%28%5CbCategoryAPI%5Cb%29%7C%28SDLFunctionTemplate%29", "SDL_RenderFillRect": "https://wiki.libsdl.org/SDL_RenderFillRect?highlight=%28%5CbCategoryAPI%5Cb%29%7C%28SDLFunctionTemplate%29", "SDL_RenderFillRects": "https://wiki.libsdl.org/SDL_RenderFillRects?highlight=%28%5CbCategoryAPI%5Cb%29%7C%28SDLFunctionTemplate%29", "SDL_RenderGetClipRect": "https://wiki.libsdl.org/SDL_RenderGetClipRect?highlight=%28%5CbCategoryAPI%5Cb%29%7C%28SDLFunctionTemplate%29", "SDL_RenderGetD3D9Device": "https://wiki.libsdl.org/SDL_RenderGetD3D9Device?highlight=%28%5CbCategoryAPI%5Cb%29%7C%28SDLFunctionTemplate%29", "SDL_RenderGetIntegerScale": "https://wiki.libsdl.org/SDL_RenderGetIntegerScale?highlight=%28%5CbCategoryAPI%5Cb%29%7C%28SDLFunctionTemplate%29", "SDL_RenderGetLogicalSize": "https://wiki.libsdl.org/SDL_RenderGetLogicalSize?highlight=%28%5CbCategoryAPI%5Cb%29%7C%28SDLFunctionTemplate%29", "SDL_RenderGetScale": "https://wiki.libsdl.org/SDL_RenderGetScale?highlight=%28%5CbCategoryAPI%5Cb%29%7C%28SDLFunctionTemplate%29", "SDL_RenderGetViewport": "https://wiki.libsdl.org/SDL_RenderGetViewport?highlight=%28%5CbCategoryAPI%5Cb%29%7C%28SDLFunctionTemplate%29", "SDL_RenderIsClipEnabled": "https://wiki.libsdl.org/SDL_RenderIsClipEnabled?highlight=%28%5CbCategoryAPI%5Cb%29%7C%28SDLFunctionTemplate%29", "SDL_RenderPresent": "https://wiki.libsdl.org/SDL_RenderPresent?highlight=%28%5CbCategoryAPI%5Cb%29%7C%28SDLFunctionTemplate%29", "SDL_RenderReadPixels": "https://wiki.libsdl.org/SDL_RenderReadPixels?highlight=%28%5CbCategoryAPI%5Cb%29%7C%28SDLFunctionTemplate%29", "SDL_RenderSetClipRect": "https://wiki.libsdl.org/SDL_RenderSetClipRect?highlight=%28%5CbCategoryAPI%5Cb%29%7C%28SDLFunctionTemplate%29", "SDL_RenderSetIntegerScale": "https://wiki.libsdl.org/SDL_RenderSetIntegerScale?highlight=%28%5CbCategoryAPI%5Cb%29%7C%28SDLFunctionTemplate%29", "SDL_RenderSetLogicalSize": "https://wiki.libsdl.org/SDL_RenderSetLogicalSize?highlight=%28%5CbCategoryAPI%5Cb%29%7C%28SDLFunctionTemplate%29", "SDL_RenderSetScale": "https://wiki.libsdl.org/SDL_RenderSetScale?highlight=%28%5CbCategoryAPI%5Cb%29%7C%28SDLFunctionTemplate%29", "SDL_RenderSetViewport": "https://wiki.libsdl.org/SDL_RenderSetViewport?highlight=%28%5CbCategoryAPI%5Cb%29%7C%28SDLFunctionTemplate%29", "SDL_RenderTargetSupported": "https://wiki.libsdl.org/SDL_RenderTargetSupported?highlight=%28%5CbCategoryAPI%5Cb%29%7C%28SDLFunctionTemplate%29", "SDL_ResetAssertionReport": "https://wiki.libsdl.org/SDL_ResetAssertionReport?highlight=%28%5CbCategoryAPI%5Cb%29%7C%28SDLFunctionTemplate%29", "SDL_RestoreWindow": "https://wiki.libsdl.org/SDL_RestoreWindow?highlight=%28%5CbCategoryAPI%5Cb%29%7C%28SDLFunctionTemplate%29", "SDL_SaveAllDollarTemplates": "https://wiki.libsdl.org/SDL_SaveAllDollarTemplates?highlight=%28%5CbCategoryAPI%5Cb%29%7C%28SDLFunctionTemplate%29", "SDL_SaveBMP": "https://wiki.libsdl.org/SDL_SaveBMP?highlight=%28%5CbCategoryAPI%5Cb%29%7C%28SDLFunctionTemplate%29", "SDL_SaveBMP_RW": "https://wiki.libsdl.org/SDL_SaveBMP_RW?highlight=%28%5CbCategoryAPI%5Cb%29%7C%28SDLFunctionTemplate%29", "SDL_SaveDollarTemplate": "https://wiki.libsdl.org/SDL_SaveDollarTemplate?highlight=%28%5CbCategoryAPI%5Cb%29%7C%28SDLFunctionTemplate%29", "SDL_SemPost": "https://wiki.libsdl.org/SDL_SemPost?highlight=%28%5CbCategoryAPI%5Cb%29%7C%28SDLFunctionTemplate%29", "SDL_SemTryWait": "https://wiki.libsdl.org/SDL_SemTryWait?highlight=%28%5CbCategoryAPI%5Cb%29%7C%28SDLFunctionTemplate%29", "SDL_SemValue": "https://wiki.libsdl.org/SDL_SemValue?highlight=%28%5CbCategoryAPI%5Cb%29%7C%28SDLFunctionTemplate%29", "SDL_SemWait": "https://wiki.libsdl.org/SDL_SemWait?highlight=%28%5CbCategoryAPI%5Cb%29%7C%28SDLFunctionTemplate%29", "SDL_SemWaitTimeout": "https://wiki.libsdl.org/SDL_SemWaitTimeout?highlight=%28%5CbCategoryAPI%5Cb%29%7C%28SDLFunctionTemplate%29", "SDL_SetAssertionHandler": "https://wiki.libsdl.org/SDL_SetAssertionHandler?highlight=%28%5CbCategoryAPI%5Cb%29%7C%28SDLFunctionTemplate%29", "SDL_SetClipRect": "https://wiki.libsdl.org/SDL_SetClipRect?highlight=%28%5CbCategoryAPI%5Cb%29%7C%28SDLFunctionTemplate%29", "SDL_SetClipboardText": "https://wiki.libsdl.org/SDL_SetClipboardText?highlight=%28%5CbCategoryAPI%5Cb%29%7C%28SDLFunctionTemplate%29", "SDL_SetColorKey": "https://wiki.libsdl.org/SDL_SetColorKey?highlight=%28%5CbCategoryAPI%5Cb%29%7C%28SDLFunctionTemplate%29", "SDL_SetCursor": "https://wiki.libsdl.org/SDL_SetCursor?highlight=%28%5CbCategoryAPI%5Cb%29%7C%28SDLFunctionTemplate%29", "SDL_SetError": "https://wiki.libsdl.org/SDL_SetError?highlight=%28%5CbCategoryAPI%5Cb%29%7C%28SDLFunctionTemplate%29", "SDL_SetEventFilter": "https://wiki.libsdl.org/SDL_SetEventFilter?highlight=%28%5CbCategoryAPI%5Cb%29%7C%28SDLFunctionTemplate%29", "SDL_SetHint": "https://wiki.libsdl.org/SDL_SetHint?highlight=%28%5CbCategoryAPI%5Cb%29%7C%28SDLFunctionTemplate%29", "SDL_SetHintWithPriority": "https://wiki.libsdl.org/SDL_SetHintWithPriority?highlight=%28%5CbCategoryAPI%5Cb%29%7C%28SDLFunctionTemplate%29", "SDL_SetMainReady": "https://wiki.libsdl.org/SDL_SetMainReady?highlight=%28%5CbCategoryAPI%5Cb%29%7C%28SDLFunctionTemplate%29", "SDL_SetModState": "https://wiki.libsdl.org/SDL_SetModState?highlight=%28%5CbCategoryAPI%5Cb%29%7C%28SDLFunctionTemplate%29", "SDL_SetPaletteColors": "https://wiki.libsdl.org/SDL_SetPaletteColors?highlight=%28%5CbCategoryAPI%5Cb%29%7C%28SDLFunctionTemplate%29", "SDL_SetPixelFormatPalette": "https://wiki.libsdl.org/SDL_SetPixelFormatPalette?highlight=%28%5CbCategoryAPI%5Cb%29%7C%28SDLFunctionTemplate%29", "SDL_SetRelativeMouseMode": "https://wiki.libsdl.org/SDL_SetRelativeMouseMode?highlight=%28%5CbCategoryAPI%5Cb%29%7C%28SDLFunctionTemplate%29", "SDL_SetRenderDrawBlendMode": "https://wiki.libsdl.org/SDL_SetRenderDrawBlendMode?highlight=%28%5CbCategoryAPI%5Cb%29%7C%28SDLFunctionTemplate%29", "SDL_SetRenderDrawColor": "https://wiki.libsdl.org/SDL_SetRenderDrawColor?highlight=%28%5CbCategoryAPI%5Cb%29%7C%28SDLFunctionTemplate%29", "SDL_SetRenderTarget": "https://wiki.libsdl.org/SDL_SetRenderTarget?highlight=%28%5CbCategoryAPI%5Cb%29%7C%28SDLFunctionTemplate%29", "SDL_SetSurfaceAlphaMod": "https://wiki.libsdl.org/SDL_SetSurfaceAlphaMod?highlight=%28%5CbCategoryAPI%5Cb%29%7C%28SDLFunctionTemplate%29", "SDL_SetSurfaceBlendMode": "https://wiki.libsdl.org/SDL_SetSurfaceBlendMode?highlight=%28%5CbCategoryAPI%5Cb%29%7C%28SDLFunctionTemplate%29", "SDL_SetSurfaceColorMod": "https://wiki.libsdl.org/SDL_SetSurfaceColorMod?highlight=%28%5CbCategoryAPI%5Cb%29%7C%28SDLFunctionTemplate%29", "SDL_SetSurfacePalette": "https://wiki.libsdl.org/SDL_SetSurfacePalette?highlight=%28%5CbCategoryAPI%5Cb%29%7C%28SDLFunctionTemplate%29", "SDL_SetSurfaceRLE": "https://wiki.libsdl.org/SDL_SetSurfaceRLE?highlight=%28%5CbCategoryAPI%5Cb%29%7C%28SDLFunctionTemplate%29", "SDL_SetTextInputRect": "https://wiki.libsdl.org/SDL_SetTextInputRect?highlight=%28%5CbCategoryAPI%5Cb%29%7C%28SDLFunctionTemplate%29", "SDL_SetTextureAlphaMod": "https://wiki.libsdl.org/SDL_SetTextureAlphaMod?highlight=%28%5CbCategoryAPI%5Cb%29%7C%28SDLFunctionTemplate%29", "SDL_SetTextureBlendMode": "https://wiki.libsdl.org/SDL_SetTextureBlendMode?highlight=%28%5CbCategoryAPI%5Cb%29%7C%28SDLFunctionTemplate%29", "SDL_SetTextureColorMod": "https://wiki.libsdl.org/SDL_SetTextureColorMod?highlight=%28%5CbCategoryAPI%5Cb%29%7C%28SDLFunctionTemplate%29", "SDL_SetThreadPriority": "https://wiki.libsdl.org/SDL_SetThreadPriority?highlight=%28%5CbCategoryAPI%5Cb%29%7C%28SDLFunctionTemplate%29", "SDL_SetWindowBordered": "https://wiki.libsdl.org/SDL_SetWindowBordered?highlight=%28%5CbCategoryAPI%5Cb%29%7C%28SDLFunctionTemplate%29", "SDL_SetWindowBrightness": "https://wiki.libsdl.org/SDL_SetWindowBrightness?highlight=%28%5CbCategoryAPI%5Cb%29%7C%28SDLFunctionTemplate%29", "SDL_SetWindowData": "https://wiki.libsdl.org/SDL_SetWindowData?highlight=%28%5CbCategoryAPI%5Cb%29%7C%28SDLFunctionTemplate%29", "SDL_SetWindowDisplayMode": "https://wiki.libsdl.org/SDL_SetWindowDisplayMode?highlight=%28%5CbCategoryAPI%5Cb%29%7C%28SDLFunctionTemplate%29", "SDL_SetWindowFullscreen": "https://wiki.libsdl.org/SDL_SetWindowFullscreen?highlight=%28%5CbCategoryAPI%5Cb%29%7C%28SDLFunctionTemplate%29", "SDL_SetWindowGammaRamp": "https://wiki.libsdl.org/SDL_SetWindowGammaRamp?highlight=%28%5CbCategoryAPI%5Cb%29%7C%28SDLFunctionTemplate%29", "SDL_SetWindowGrab": "https://wiki.libsdl.org/SDL_SetWindowGrab?highlight=%28%5CbCategoryAPI%5Cb%29%7C%28SDLFunctionTemplate%29", "SDL_SetWindowHitTest": "https://wiki.libsdl.org/SDL_SetWindowHitTest?highlight=%28%5CbCategoryAPI%5Cb%29%7C%28SDLFunctionTemplate%29", "SDL_SetWindowIcon": "https://wiki.libsdl.org/SDL_SetWindowIcon?highlight=%28%5CbCategoryAPI%5Cb%29%7C%28SDLFunctionTemplate%29", "SDL_SetWindowInputFocus": "https://wiki.libsdl.org/SDL_SetWindowInputFocus?highlight=%28%5CbCategoryAPI%5Cb%29%7C%28SDLFunctionTemplate%29", "SDL_SetWindowMaximumSize": "https://wiki.libsdl.org/SDL_SetWindowMaximumSize?highlight=%28%5CbCategoryAPI%5Cb%29%7C%28SDLFunctionTemplate%29", "SDL_SetWindowMinimumSize": "https://wiki.libsdl.org/SDL_SetWindowMinimumSize?highlight=%28%5CbCategoryAPI%5Cb%29%7C%28SDLFunctionTemplate%29", "SDL_SetWindowModalFor": "https://wiki.libsdl.org/SDL_SetWindowModalFor?highlight=%28%5CbCategoryAPI%5Cb%29%7C%28SDLFunctionTemplate%29", "SDL_SetWindowOpacity": "https://wiki.libsdl.org/SDL_SetWindowOpacity?highlight=%28%5CbCategoryAPI%5Cb%29%7C%28SDLFunctionTemplate%29", "SDL_SetWindowPosition": "https://wiki.libsdl.org/SDL_SetWindowPosition?highlight=%28%5CbCategoryAPI%5Cb%29%7C%28SDLFunctionTemplate%29", "SDL_SetWindowResizable": "https://wiki.libsdl.org/SDL_SetWindowResizable?highlight=%28%5CbCategoryAPI%5Cb%29%7C%28SDLFunctionTemplate%29", "SDL_SetWindowSize": "https://wiki.libsdl.org/SDL_SetWindowSize?highlight=%28%5CbCategoryAPI%5Cb%29%7C%28SDLFunctionTemplate%29", "SDL_SetWindowTitle": "https://wiki.libsdl.org/SDL_SetWindowTitle?highlight=%28%5CbCategoryAPI%5Cb%29%7C%28SDLFunctionTemplate%29", "SDL_SetWindowsMessageHook": "https://wiki.libsdl.org/SDL_SetWindowsMessageHook?highlight=%28%5CbCategoryAPI%5Cb%29%7C%28SDLFunctionTemplate%29", "SDL_ShowCursor": "https://wiki.libsdl.org/SDL_ShowCursor?highlight=%28%5CbCategoryAPI%5Cb%29%7C%28SDLFunctionTemplate%29", "SDL_ShowMessageBox": "https://wiki.libsdl.org/SDL_ShowMessageBox?highlight=%28%5CbCategoryAPI%5Cb%29%7C%28SDLFunctionTemplate%29", "SDL_ShowSimpleMessageBox": "https://wiki.libsdl.org/SDL_ShowSimpleMessageBox?highlight=%28%5CbCategoryAPI%5Cb%29%7C%28SDLFunctionTemplate%29", "SDL_ShowWindow": "https://wiki.libsdl.org/SDL_ShowWindow?highlight=%28%5CbCategoryAPI%5Cb%29%7C%28SDLFunctionTemplate%29", "SDL_StartTextInput": "https://wiki.libsdl.org/SDL_StartTextInput?highlight=%28%5CbCategoryAPI%5Cb%29%7C%28SDLFunctionTemplate%29", "SDL_StopTextInput": "https://wiki.libsdl.org/SDL_StopTextInput?highlight=%28%5CbCategoryAPI%5Cb%29%7C%28SDLFunctionTemplate%29", "SDL_Swap16": "https://wiki.libsdl.org/SDL_Swap16?highlight=%28%5CbCategoryAPI%5Cb%29%7C%28SDLFunctionTemplate%29", "SDL_Swap32": "https://wiki.libsdl.org/SDL_Swap32?highlight=%28%5CbCategoryAPI%5Cb%29%7C%28SDLFunctionTemplate%29", "SDL_Swap64": "https://wiki.libsdl.org/SDL_Swap64?highlight=%28%5CbCategoryAPI%5Cb%29%7C%28SDLFunctionTemplate%29", "SDL_SwapBE16": "https://wiki.libsdl.org/SDL_SwapBE16?highlight=%28%5CbCategoryAPI%5Cb%29%7C%28SDLFunctionTemplate%29", "SDL_SwapBE32": "https://wiki.libsdl.org/SDL_SwapBE32?highlight=%28%5CbCategoryAPI%5Cb%29%7C%28SDLFunctionTemplate%29", "SDL_SwapBE64": "https://wiki.libsdl.org/SDL_SwapBE64?highlight=%28%5CbCategoryAPI%5Cb%29%7C%28SDLFunctionTemplate%29", "SDL_SwapFloat": "https://wiki.libsdl.org/SDL_SwapFloat?highlight=%28%5CbCategoryAPI%5Cb%29%7C%28SDLFunctionTemplate%29", "SDL_SwapFloatBE": "https://wiki.libsdl.org/SDL_SwapFloatBE?highlight=%28%5CbCategoryAPI%5Cb%29%7C%28SDLFunctionTemplate%29", "SDL_SwapFloatLE": "https://wiki.libsdl.org/SDL_SwapFloatLE?highlight=%28%5CbCategoryAPI%5Cb%29%7C%28SDLFunctionTemplate%29", "SDL_SwapLE16": "https://wiki.libsdl.org/SDL_SwapLE16?highlight=%28%5CbCategoryAPI%5Cb%29%7C%28SDLFunctionTemplate%29", "SDL_SwapLE32": "https://wiki.libsdl.org/SDL_SwapLE32?highlight=%28%5CbCategoryAPI%5Cb%29%7C%28SDLFunctionTemplate%29", "SDL_SwapLE64": "https://wiki.libsdl.org/SDL_SwapLE64?highlight=%28%5CbCategoryAPI%5Cb%29%7C%28SDLFunctionTemplate%29", "SDL_TICKS_PASSED": "https://wiki.libsdl.org/SDL_TICKS_PASSED?highlight=%28%5CbCategoryAPI%5Cb%29%7C%28SDLFunctionTemplate%29", "SDL_TLSCreate": "https://wiki.libsdl.org/SDL_TLSCreate?highlight=%28%5CbCategoryAPI%5Cb%29%7C%28SDLFunctionTemplate%29", "SDL_TLSGet": "https://wiki.libsdl.org/SDL_TLSGet?highlight=%28%5CbCategoryAPI%5Cb%29%7C%28SDLFunctionTemplate%29", "SDL_TLSSet": "https://wiki.libsdl.org/SDL_TLSSet?highlight=%28%5CbCategoryAPI%5Cb%29%7C%28SDLFunctionTemplate%29", "SDL_ThreadID": "https://wiki.libsdl.org/SDL_ThreadID?highlight=%28%5CbCategoryAPI%5Cb%29%7C%28SDLFunctionTemplate%29", "SDL_TriggerBreakpoint": "https://wiki.libsdl.org/SDL_TriggerBreakpoint?highlight=%28%5CbCategoryAPI%5Cb%29%7C%28SDLFunctionTemplate%29", "SDL_TryLockMutex": "https://wiki.libsdl.org/SDL_TryLockMutex?highlight=%28%5CbCategoryAPI%5Cb%29%7C%28SDLFunctionTemplate%29", "SDL_UnionRect": "https://wiki.libsdl.org/SDL_UnionRect?highlight=%28%5CbCategoryAPI%5Cb%29%7C%28SDLFunctionTemplate%29", "SDL_UnloadObject": "https://wiki.libsdl.org/SDL_UnloadObject?highlight=%28%5CbCategoryAPI%5Cb%29%7C%28SDLFunctionTemplate%29", "SDL_UnlockAudio": "https://wiki.libsdl.org/SDL_UnlockAudio?highlight=%28%5CbCategoryAPI%5Cb%29%7C%28SDLFunctionTemplate%29", "SDL_UnlockAudioDevice": "https://wiki.libsdl.org/SDL_UnlockAudioDevice?highlight=%28%5CbCategoryAPI%5Cb%29%7C%28SDLFunctionTemplate%29", "SDL_UnlockMutex": "https://wiki.libsdl.org/SDL_UnlockMutex?highlight=%28%5CbCategoryAPI%5Cb%29%7C%28SDLFunctionTemplate%29", "SDL_UnlockSurface": "https://wiki.libsdl.org/SDL_UnlockSurface?highlight=%28%5CbCategoryAPI%5Cb%29%7C%28SDLFunctionTemplate%29", "SDL_UnlockTexture": "https://wiki.libsdl.org/SDL_UnlockTexture?highlight=%28%5CbCategoryAPI%5Cb%29%7C%28SDLFunctionTemplate%29", "SDL_UpdateTexture": "https://wiki.libsdl.org/SDL_UpdateTexture?highlight=%28%5CbCategoryAPI%5Cb%29%7C%28SDLFunctionTemplate%29", "SDL_UpdateWindowSurface": "https://wiki.libsdl.org/SDL_UpdateWindowSurface?highlight=%28%5CbCategoryAPI%5Cb%29%7C%28SDLFunctionTemplate%29", "SDL_UpdateWindowSurfaceRects": "https://wiki.libsdl.org/SDL_UpdateWindowSurfaceRects?highlight=%28%5CbCategoryAPI%5Cb%29%7C%28SDLFunctionTemplate%29", "SDL_UpdateYUVTexture": "https://wiki.libsdl.org/SDL_UpdateYUVTexture?highlight=%28%5CbCategoryAPI%5Cb%29%7C%28SDLFunctionTemplate%29", "SDL_VERSION": "https://wiki.libsdl.org/SDL_VERSION?highlight=%28%5CbCategoryAPI%5Cb%29%7C%28SDLFunctionTemplate%29", "SDL_VERSIONNUM": "https://wiki.libsdl.org/SDL_VERSIONNUM?highlight=%28%5CbCategoryAPI%5Cb%29%7C%28SDLFunctionTemplate%29", "SDL_VERSION_ATLEAST": "https://wiki.libsdl.org/SDL_VERSION_ATLEAST?highlight=%28%5CbCategoryAPI%5Cb%29%7C%28SDLFunctionTemplate%29", "SDL_VideoInit": "https://wiki.libsdl.org/SDL_VideoInit?highlight=%28%5CbCategoryAPI%5Cb%29%7C%28SDLFunctionTemplate%29", "SDL_VideoQuit": "https://wiki.libsdl.org/SDL_VideoQuit?highlight=%28%5CbCategoryAPI%5Cb%29%7C%28SDLFunctionTemplate%29", "SDL_Vulkan_CreateSurface": "https://wiki.libsdl.org/SDL_Vulkan_CreateSurface?highlight=%28%5CbCategoryAPI%5Cb%29%7C%28SDLFunctionTemplate%29", "SDL_Vulkan_GetDrawableSize": "https://wiki.libsdl.org/SDL_Vulkan_GetDrawableSize?highlight=%28%5CbCategoryAPI%5Cb%29%7C%28SDLFunctionTemplate%29", "SDL_Vulkan_GetInstanceExtensions": "https://wiki.libsdl.org/SDL_Vulkan_GetInstanceExtensions?highlight=%28%5CbCategoryAPI%5Cb%29%7C%28SDLFunctionTemplate%29", "SDL_Vulkan_GetVkInstanceProcAddr": "https://wiki.libsdl.org/SDL_Vulkan_GetVkInstanceProcAddr?highlight=%28%5CbCategoryAPI%5Cb%29%7C%28SDLFunctionTemplate%29", "SDL_Vulkan_LoadLibrary": "https://wiki.libsdl.org/SDL_Vulkan_LoadLibrary?highlight=%28%5CbCategoryAPI%5Cb%29%7C%28SDLFunctionTemplate%29", "SDL_Vulkan_UnloadLibrary": "https://wiki.libsdl.org/SDL_Vulkan_UnloadLibrary?highlight=%28%5CbCategoryAPI%5Cb%29%7C%28SDLFunctionTemplate%29", "SDL_WaitEvent": "https://wiki.libsdl.org/SDL_WaitEvent?highlight=%28%5CbCategoryAPI%5Cb%29%7C%28SDLFunctionTemplate%29", "SDL_WaitEventTimeout": "https://wiki.libsdl.org/SDL_WaitEventTimeout?highlight=%28%5CbCategoryAPI%5Cb%29%7C%28SDLFunctionTemplate%29", "SDL_WaitThread": "https://wiki.libsdl.org/SDL_WaitThread?highlight=%28%5CbCategoryAPI%5Cb%29%7C%28SDLFunctionTemplate%29", "SDL_WarpMouseGlobal": "https://wiki.libsdl.org/SDL_WarpMouseGlobal?highlight=%28%5CbCategoryAPI%5Cb%29%7C%28SDLFunctionTemplate%29", "SDL_WarpMouseInWindow": "https://wiki.libsdl.org/SDL_WarpMouseInWindow?highlight=%28%5CbCategoryAPI%5Cb%29%7C%28SDLFunctionTemplate%29", "SDL_WasInit": "https://wiki.libsdl.org/SDL_WasInit?highlight=%28%5CbCategoryAPI%5Cb%29%7C%28SDLFunctionTemplate%29", "SDL_WinRTGetFSPathUNICODE": "https://wiki.libsdl.org/SDL_WinRTGetFSPathUNICODE?highlight=%28%5CbCategoryAPI%5Cb%29%7C%28SDLFunctionTemplate%29", "SDL_WinRTGetFSPathUTF8": "https://wiki.libsdl.org/SDL_WinRTGetFSPathUTF8?highlight=%28%5CbCategoryAPI%5Cb%29%7C%28SDLFunctionTemplate%29", "SDL_WinRTRunApp": "https://wiki.libsdl.org/SDL_WinRTRunApp?highlight=%28%5CbCategoryAPI%5Cb%29%7C%28SDLFunctionTemplate%29", "SDL_WriteBE16": "https://wiki.libsdl.org/SDL_WriteBE16?highlight=%28%5CbCategoryAPI%5Cb%29%7C%28SDLFunctionTemplate%29", "SDL_WriteBE32": "https://wiki.libsdl.org/SDL_WriteBE32?highlight=%28%5CbCategoryAPI%5Cb%29%7C%28SDLFunctionTemplate%29", "SDL_WriteBE64": "https://wiki.libsdl.org/SDL_WriteBE64?highlight=%28%5CbCategoryAPI%5Cb%29%7C%28SDLFunctionTemplate%29", "SDL_WriteLE16": "https://wiki.libsdl.org/SDL_WriteLE16?highlight=%28%5CbCategoryAPI%5Cb%29%7C%28SDLFunctionTemplate%29", "SDL_WriteLE32": "https://wiki.libsdl.org/SDL_WriteLE32?highlight=%28%5CbCategoryAPI%5Cb%29%7C%28SDLFunctionTemplate%29", "SDL_WriteLE64": "https://wiki.libsdl.org/SDL_WriteLE64?highlight=%28%5CbCategoryAPI%5Cb%29%7C%28SDLFunctionTemplate%29", "SDL_WriteU8": "https://wiki.libsdl.org/SDL_WriteU8?highlight=%28%5CbCategoryAPI%5Cb%29%7C%28SDLFunctionTemplate%29", "SDL_acos": "https://wiki.libsdl.org/SDL_acos?highlight=%28%5CbCategoryAPI%5Cb%29%7C%28SDLFunctionTemplate%29", "SDL_assert": "https://wiki.libsdl.org/SDL_assert?highlight=%28%5CbCategoryAPI%5Cb%29%7C%28SDLFunctionTemplate%29", "SDL_assert_paranoid": "https://wiki.libsdl.org/SDL_assert_paranoid?highlight=%28%5CbCategoryAPI%5Cb%29%7C%28SDLFunctionTemplate%29", "SDL_assert_release": "https://wiki.libsdl.org/SDL_assert_release?highlight=%28%5CbCategoryAPI%5Cb%29%7C%28SDLFunctionTemplate%29", "SDL_iPhoneSetAnimationCallback": "https://wiki.libsdl.org/SDL_iPhoneSetAnimationCallback?highlight=%28%5CbCategoryAPI%5Cb%29%7C%28SDLFunctionTemplate%29", "SDL_iPhoneSetEventPump": "https://wiki.libsdl.org/SDL_iPhoneSetEventPump?highlight=%28%5CbCategoryAPI%5Cb%29%7C%28SDLFunctionTemplate%29"}